//id, del, team_id, Team Name, League Name, LastName, FirstName, NickName, UniformNumber, DayOB, MonthOB, YearOB, NationalityID, Nation, CityID, City, facial_type, Height (cm), Weight (kg), Bats, Throws, Position, ML Service, 40 man roster service, pro years, options used, Contact vL, Gap vL, Power vL, Eye vL, Avoid K vL, BABIP vL, Contract Vr, Gap Vr, Power vR, Eye vR, Ks vR, BABIP vR, Contact Pot, Gap Pot, Power Pot, Eye Pot, Ks Pot, BABIP Pot, HBP, GB Batter type, FB Batter type, speed, steal rate, steal, running, sac bunt, bunt hit,Move vL, Control vL, Movement vR, Control vR, Move Pot, Control Pot, HBP, WP, Balk, Stamina, Hold, GB%, Velocity, ArmSlot, Infield Range, Infield Error, Infield Arm, DP, CatcherAbil, Catcher Arm, OF Range, OF Error, OF Arm, PExp, CExp, 1bExp, 2bExp, 3bExp, ssExp, LFExp, CFExp, RFExp, use expected, expected level, expected ab, expected avg, expected 2b, expected 3b, expected hr, expected bb, expected k, expected hbp, contract y1, contract y2, contract y3, contract y4, contract y5, contract y6, contract y7, contract y8, contract y9, contract y10, contract current year (0 = first year), extension y1, extension y2, extension y3, extension y4, extension y5, extension y6, extension y7, extension y8, extension y9, extension y10, greed, loyalty, play_for_winner, work_ethic, intelligence, leader ability, Stuff Overall, Stuff R/L split, Stuff Pot., Fastball (scale: 0-5), Slider, Curveball, Changeup, Cutter, Sinker, Splitter, Forkball, Screwball, Circlechange, Knucklecurve, Knuckleball, Fastball Pot.(scale: 0-5), Slider Pot., Curveball Pot., Changeup Pot., Cutter Pot., Sinker Pot., Splitter Pot., Forkball Pot., Screwball Pot., Circlechange Pot., Knucklecurve Pot., Knuckleball Pot., Hitter 3B/2B ratio, pbabip, lahman_id, bbref_id, bbrefminors_id, twitter_handle, Catcher Framing
//NOTE: Player and team names are purely cosmetic and will not be used when importing rosters from this file!
// FREE AGENTS
145,0,0,-,,Honma,Takanobu,,25,20,10,1919,98,Japan,80857,Toyama,2,191,221,1,1,3,1823,1848,14,1,470,418,417,313,502,432,458,404,403,301,491,423,466,420,408,341,493,421,5,2,2,64,87,59,55,109,92,100,45,103,45,101,41,15,15,30,1,1,50,3,4,53,48,61,26,11,4,80,30,63,0,0,200,0,0,0,0,0,0,0,1,550,.307,35,2,17,21,53,5,0,0,0,0,0,0,0,0,0,0,0,0,0,0,0,0,0,0,0,0,0,83,84,65,32,42,84,1,.9756,1,1,0,0,0,0,0,0,0,0,0,0,0,3,0,0,0,0,0,0,0,0,0,0,0,0,58,,,,,11,eol
63,0,0,-,,Takasaki,Toshizo,,10,4,2,1921,98,Japan,37520,Kawagoe,2,177,193,1,1,7,1339,1518,11,2,410,385,434,404,426,383,406,376,425,398,422,378,405,383,430,421,419,377,6,2,1,98,42,109,131,55,55,137,13,150,14,138,17,15,15,30,1,1,42,2,3,30,34,71,15,1,3,96,189,110,0,0,89,0,0,0,200,54,0,0,1,550,.269,24,3,23,50,96,6,0,0,0,0,0,0,0,0,0,0,0,0,0,0,0,0,0,0,0,0,0,26,129,19,147,125,50,1,.9302,1,7,0,0,0,0,0,0,0,0,0,0,0,3,0,0,0,0,0,0,0,0,0,0,0,0,53,,,,,1,eol
33,0,0,-,,Nishioka,Kiyonobu,,13,24,2,1922,98,Japan,77661,Tokyo,2,181,201,2,2,9,1380,1558,11,1,389,415,391,394,397,374,406,443,421,422,409,390,401,429,412,424,409,385,2,2,1,169,113,209,195,152,149,91,55,74,51,77,51,15,15,30,1,1,57,3,2,1,2,118,1,1,9,93,88,160,0,0,0,0,0,0,139,54,200,0,1,550,.261,28,6,19,57,106,2,0,0,0,0,0,0,0,0,0,0,0,0,0,0,0,0,0,0,0,0,0,104,66,26,41,113,77,1,1.2250,1,5,0,0,0,0,0,0,0,0,0,0,0,3,0,0,0,0,0,0,0,0,0,0,0,0,51,,,,,1,eol
29,0,0,-,,Namba,Yukio,,2,15,3,1922,98,Japan,80352,Tochigi,2,187,202,1,1,3,1185,1532,10,2,439,452,339,375,455,411,428,431,322,354,444,402,443,436,329,403,454,414,5,1,0,143,133,147,164,168,172,195,21,214,24,211,23,15,15,30,1,1,43,4,2,74,54,56,1,1,3,54,64,39,0,0,200,0,0,0,0,0,0,0,1,550,.272,33,5,11,37,81,5,0,0,0,0,0,0,0,0,0,0,0,0,0,0,0,0,0,0,0,0,0,85,174,103,38,92,125,1,.8163,1,2,0,0,0,0,0,0,0,0,0,0,0,3,0,0,0,0,0,0,0,0,0,0,0,0,58,,,,,1,eol
151,0,0,-,,Sasaki,Masatoshi,,1,19,12,1918,98,Japan,78396,Tanabe,2,182,203,1,1,9,1785,1785,14,0,359,359,469,389,400,327,344,337,439,361,387,317,361,334,452,403,400,335,15,0,0,53,46,97,48,30,57,191,40,203,41,214,57,15,15,30,1,1,37,5,3,65,51,30,41,1,10,78,121,66,0,0,196,0,0,0,200,0,194,0,1,550,.243,19,0,28,40,116,15,0,0,0,0,0,0,0,0,0,0,0,0,0,0,0,0,0,0,0,0,0,113,132,73,109,119,89,1,.9302,1,3,0,0,0,0,0,0,0,0,0,0,0,3,0,0,0,0,0,0,0,0,0,0,0,0,57,,,,,3,eol
504,0,0,-,,Yamashita,Tetsuya,,2,20,6,1916,98,Japan,31933,Himeji,2,171,187,2,1,9,2241,2436,17,2,380,397,318,405,417,330,407,440,354,453,441,348,417,434,350,444,448,377,7,2,1,80,112,98,63,103,82,78,53,84,54,77,50,15,15,30,1,1,59,3,3,73,55,64,74,1,9,105,102,96,0,0,0,0,0,0,170,176,200,0,1,550,.244,30,3,12,70,89,7,0,0,0,0,0,0,0,0,0,0,0,0,0,0,0,0,0,0,0,0,0,146,119,56,185,119,124,1,.9302,1,1,0,0,0,0,0,0,0,0,0,0,0,3,0,0,0,0,0,0,0,0,0,0,0,0,50,,,,,1,eol
286,0,0,-,,Sai,Shoshi,,5,23,5,1916,98,Japan,34632,Joetsu,2,179,202,1,2,9,1909,1924,15,1,416,382,416,429,424,381,407,365,401,415,415,372,411,371,418,435,434,379,2,2,0,33,15,74,21,65,32,81,52,75,51,77,55,15,15,30,1,1,55,5,3,92,94,69,1,2,11,90,92,94,0,0,174,0,0,0,123,0,200,0,1,550,.256,25,1,16,59,99,2,0,0,0,0,0,0,0,0,0,0,0,0,0,0,0,0,0,0,0,0,0,126,120,117,78,90,107,1,1.0750,1,3,0,0,0,0,0,0,0,0,0,0,0,3,0,0,0,0,0,0,0,0,0,0,0,0,50,,,,,2,eol
465,0,0,-,,Suehiro,Jokichi,,1,5,2,1918,98,Japan,74800,Sodegaura,2,188,201,2,2,9,1971,2132,15,1,373,344,380,381,412,331,395,380,413,417,427,347,396,380,415,415,418,364,11,0,1,96,77,136,83,45,49,122,64,104,63,109,63,15,15,30,1,1,49,5,3,17,15,35,4,10,3,97,128,99,0,0,0,0,0,0,154,70,200,0,1,550,.246,22,3,16,55,96,11,0,0,0,0,0,0,0,0,0,0,0,0,0,0,0,0,0,0,0,0,0,95,83,153,67,75,117,1,1.0750,1,2,0,0,0,0,0,0,0,0,0,0,0,3,0,0,0,0,0,0,0,0,0,0,0,0,54,,,,,10,eol
696,0,0,-,,Kikuchi,Hiroaki,,3,20,12,1922,98,Japan,71531,Sapporo,2,184,201,1,1,5,1444,1446,10,0,316,283,405,381,397,237,315,281,403,379,396,237,321,303,403,408,407,246,2,0,2,95,25,94,130,183,60,84,17,103,19,101,17,18,15,30,1,1,37,2,2,131,171,173,75,1,8,37,85,163,0,0,0,80,200,14,0,0,0,0,1,550,.204,12,1,15,43,112,2,0,0,0,0,0,0,0,0,0,0,0,0,0,0,0,0,0,0,0,0,0,150,19,129,105,85,24,1,.8163,1,1,0,0,0,0,0,0,0,0,0,0,0,3,0,0,0,0,0,0,0,0,0,0,0,0,48,,,,,1,eol
455,0,0,-,,Kimura,Tomohiro,,45,9,4,1917,98,Japan,88102,Yotsukaido,2,183,204,2,1,5,1947,1947,15,0,409,321,357,331,471,331,436,364,408,380,502,353,423,377,410,366,501,338,3,2,1,93,45,102,114,70,55,131,22,151,24,165,17,15,15,30,1,1,46,3,2,93,97,141,70,20,28,85,99,118,0,0,0,64,200,72,78,55,0,0,1,550,.267,23,3,14,40,53,3,0,0,0,0,0,0,0,0,0,0,0,0,0,0,0,0,0,0,0,0,0,89,83,68,59,129,81,1,.8163,1,3,0,0,0,0,0,0,0,0,0,0,0,3,0,0,0,0,0,0,0,0,0,0,0,0,54,,,,,20,eol
246,0,0,-,,Okamura,Fumitaka,,8,18,5,1919,98,Japan,73594,Shiojiri,2,189,215,1,1,2,1508,1517,11,1,374,294,412,418,410,333,364,273,396,401,402,325,367,294,406,440,405,338,3,1,0,97,52,98,126,100,55,165,27,166,27,185,24,15,15,30,1,1,42,4,4,53,36,56,6,119,86,38,86,54,0,200,0,0,0,0,0,0,0,0,1,550,.232,14,1,15,52,107,3,0,0,0,0,0,0,0,0,0,0,0,0,0,0,0,0,0,0,0,0,0,19,92,106,96,128,108,1,.9756,6,1,0,0,0,0,0,0,0,0,0,0,0,21,0,0,0,0,0,0,0,0,0,0,0,0,58,,,,,111,eol
156,0,0,-,,Ichikawa,Josuke,Polly,10,10,1,1916,98,Japan,58302,Obu,2,182,187,1,1,11,1934,2060,15,1,261,200,170,219,264,271,257,193,166,212,259,265,266,232,158,294,280,271,3,0,1,12,25,8,9,77,1,402,422,405,428,404,409,4,2,0,111,85,62,11,3,14,52,94,15,5,7,1,35,12,200,0,0,0,0,0,0,0,0,0,1,550,.278,0,0,12,43,90,4,0,0,0,0,0,0,0,0,0,0,0,0,0,0,0,0,0,0,0,0,0,103,78,135,18,19,63,322,.9969,325,162,0,0,306,334,0,0,0,0,0,0,0,154,0,0,319,338,0,0,0,0,0,0,0,0,89,,,,,5,eol
28,0,0,-,,Yoshii,Norihiro,,18,13,10,1913,98,Japan,35966,Kobe,2,185,201,1,1,9,2527,2661,18,3,375,410,414,396,394,355,359,388,392,371,380,344,400,426,412,431,433,359,4,0,0,100,127,99,84,95,84,65,27,81,29,77,49,15,15,30,1,1,61,4,2,121,96,75,97,1,11,92,98,102,0,0,166,0,0,0,200,164,200,0,1,550,.233,23,3,14,43,121,4,0,0,0,0,0,0,0,0,0,0,0,0,0,0,0,0,0,0,0,0,0,80,95,38,138,73,56,1,.8163,1,3,0,0,0,0,0,0,0,0,0,0,0,3,0,0,0,0,0,0,0,0,0,0,0,0,51,,,,,1,eol
821,0,0,-,,Kimura,Kazuo,,19,30,3,1921,98,Japan,21707,Daito,2,182,198,1,1,4,1463,1616,11,0,322,396,415,411,415,235,317,385,403,400,410,229,316,399,406,419,407,230,4,1,0,78,28,88,99,97,53,75,66,81,68,77,65,18,15,30,1,1,47,5,3,156,135,109,145,3,8,122,106,92,0,0,0,200,0,200,0,0,0,0,1,550,.208,20,1,16,51,103,4,0,0,0,0,0,0,0,0,0,0,0,0,0,0,0,0,0,0,0,0,0,86,128,109,182,75,73,10,.9302,6,29,0,0,0,0,0,0,0,0,0,0,0,17,0,0,0,0,0,0,0,0,0,0,0,0,50,,,,,3,eol
385,0,0,-,,Takeshita,Takaaki,,20,22,7,1922,98,Japan,52706,Musashino,2,174,189,1,1,4,1176,1438,10,2,426,398,305,385,424,408,412,370,283,360,412,397,415,381,286,408,418,403,6,0,0,163,94,196,186,122,63,77,23,83,24,77,21,15,15,30,1,1,53,4,3,101,126,48,117,5,6,22,100,16,0,0,168,200,0,0,0,0,0,0,1,550,.257,24,4,9,39,100,6,0,0,0,0,0,0,0,0,0,0,0,0,0,0,0,0,0,0,0,0,0,105,68,141,98,23,84,2,.9302,1,9,0,0,0,0,0,0,0,0,0,0,0,3,0,0,0,0,0,0,0,0,0,0,0,0,51,,,,,5,eol
808,0,0,-,,Igawa,Mitsuaki,,27,27,4,1912,98,Japan,50809,Miyazaki,2,173,196,2,2,11,3156,3291,20,0,255,177,135,159,266,248,274,204,157,180,292,273,271,208,144,192,300,266,2,1,0,5,1,5,8,87,1,392,420,350,402,372,402,2,5,2,109,176,67,10,4,5,54,95,1,1,3,20,20,30,200,0,0,0,0,0,0,0,0,0,1,550,.281,0,0,15,48,100,2,0,0,0,0,0,0,0,0,0,0,0,0,0,0,0,0,0,0,0,0,0,102,126,85,130,117,170,364,1.0581,374,370,381,0,0,0,390,0,0,0,0,0,0,380,403,0,0,0,401,0,0,0,0,0,0,0,79,,,,,1,eol
426,0,0,-,,Kanazawa,Kunimichi,,12,27,8,1917,98,Japan,53818,Nagareyama,2,193,219,3,2,3,1430,1430,14,0,291,346,474,462,306,300,282,326,445,435,298,287,277,313,452,451,309,266,6,0,1,57,42,48,73,104,63,152,58,145,57,153,65,15,15,30,1,1,37,2,3,51,48,68,6,3,8,70,103,125,0,0,171,0,0,0,45,0,185,0,1,550,.210,14,0,30,70,174,6,0,0,0,0,0,0,0,0,0,0,0,0,0,0,0,0,0,0,0,0,0,13,78,86,39,41,84,1,1.0750,1,3,0,0,0,0,0,0,0,0,0,0,0,3,0,0,0,0,0,0,0,0,0,0,0,0,50,,,,,3,eol
513,0,0,-,,Morishita,Yoshihiro,,20,23,6,1919,98,Japan,72769,Sendai,2,184,198,1,1,8,1661,1735,12,2,391,434,250,399,394,353,377,414,232,376,385,342,398,424,239,407,405,371,3,1,0,126,155,120,115,98,83,98,80,106,82,101,77,15,15,30,1,1,53,4,3,94,52,73,62,1,1,146,96,101,0,0,0,0,0,0,185,200,85,0,1,550,.223,23,7,6,44,118,3,0,0,0,0,0,0,0,0,0,0,0,0,0,0,0,0,0,0,0,0,0,76,110,102,130,118,104,1,.9302,1,3,0,0,0,0,0,0,0,0,0,0,0,3,0,0,0,0,0,0,0,0,0,0,0,0,54,,,,,1,eol
380,0,0,-,,Yokoyama,Zenko,,22,22,9,1919,98,Japan,33722,Iruma,2,181,198,1,1,5,1384,1384,12,0,374,357,420,390,440,313,369,349,413,383,436,309,378,340,415,407,435,324,2,0,0,102,68,130,124,68,3,97,21,104,22,104,29,15,15,30,1,1,52,2,3,91,104,142,66,1,9,32,74,133,0,0,32,139,200,200,0,0,0,0,1,550,.241,19,2,19,45,87,2,0,0,0,0,0,0,0,0,0,0,0,0,0,0,0,0,0,0,0,0,0,101,121,91,173,91,132,1,.9302,1,3,0,0,0,0,0,0,0,0,0,0,0,3,0,0,0,0,0,0,0,0,0,0,0,0,50,,,,,1,eol
43,0,0,-,,Sakai,Hiroshi,,35,9,2,1916,98,Japan,58281,Osaka,2,187,201,2,2,11,2129,2327,17,2,309,204,90,152,307,333,329,235,129,164,323,352,340,227,126,218,348,350,3,1,2,18,15,7,23,38,17,401,430,405,430,408,431,4,4,3,62,162,52,10,4,37,39,96,4,3,2,30,90,37,200,0,0,0,0,0,0,0,0,0,1,550,.274,0,0,15,42,97,4,0,0,0,0,0,0,0,0,0,0,0,0,0,0,0,0,0,0,0,0,0,108,113,80,84,78,99,351,1.0001,379,356,0,355,0,349,0,0,0,0,0,0,0,394,0,406,0,396,0,0,0,0,0,0,0,0,95,,,,,3,eol
294,0,0,-,,Nakamoto,Tomoki,,19,20,10,1920,98,Japan,80859,Toyoake,2,191,220,1,2,3,1199,1372,11,3,378,327,408,414,421,339,373,322,401,409,418,335,382,329,401,408,418,337,5,2,0,134,42,156,170,120,60,70,85,64,83,62,79,15,15,30,1,1,56,5,3,83,52,7,4,4,8,36,6,17,0,0,200,0,0,0,0,0,0,0,1,550,.241,17,3,15,55,98,5,0,0,0,0,0,0,0,0,0,0,0,0,0,0,0,0,0,0,0,0,0,196,178,86,38,82,78,1,1.0750,1,1,0,0,0,0,0,0,0,0,0,0,0,3,0,0,0,0,0,0,0,0,0,0,0,0,52,,,,,4,eol
549,0,0,-,,Nakagawa,Sugio,,81,26,9,1916,98,Japan,38505,Kimitsu,2,178,178,2,2,7,1349,1697,14,0,304,334,391,372,356,263,318,365,425,410,373,280,323,366,416,398,381,301,6,0,2,69,69,32,95,63,94,87,20,70,19,77,19,18,15,30,1,1,58,3,2,40,30,92,6,10,3,130,99,125,0,0,0,0,0,0,200,0,200,0,1,550,.212,18,1,20,51,130,6,0,0,0,0,0,0,0,0,0,0,0,0,0,0,0,0,0,0,0,0,0,37,74,77,111,104,105,1,1.2250,1,6,0,0,0,0,0,0,0,0,0,0,0,3,0,0,0,0,0,0,0,0,0,0,0,0,46,,,,,10,eol
99,0,0,-,,Itagaki,Takeshi,,20,23,8,1920,98,Japan,53844,Nagoya,2,186,203,1,1,2,1589,1697,13,2,402,309,392,399,418,372,385,287,362,371,406,358,394,308,375,406,414,368,5,0,0,5,9,1,3,121,23,69,44,75,45,77,41,15,15,30,1,1,56,2,3,21,83,28,21,122,103,27,69,51,0,200,0,0,0,0,0,0,0,0,1,550,.245,18,0,13,43,104,5,0,0,0,0,0,0,0,0,0,0,0,0,0,0,0,0,0,0,0,0,0,103,131,129,135,164,85,1,.9302,1,3,0,0,0,0,0,0,0,0,0,0,0,3,0,0,0,0,0,0,0,0,0,0,0,0,53,,,,,120,eol
24,0,0,-,,Kawamoto,Satoshi,,10,4,1,1916,98,Japan,92919,Hakusan,2,187,208,2,2,3,1351,1528,14,2,365,234,343,401,329,377,388,263,377,432,345,395,368,260,372,445,354,388,3,0,0,33,37,51,22,49,55,91,19,74,18,77,10,15,15,30,1,1,56,4,2,49,45,44,6,1,6,80,120,84,0,0,158,0,0,0,192,0,102,0,1,550,.233,13,0,13,61,148,3,0,0,0,0,0,0,0,0,0,0,0,0,0,0,0,0,0,0,0,0,0,147,22,180,101,53,55,1,1.2250,1,4,0,0,0,0,0,0,0,0,0,0,0,3,0,0,0,0,0,0,0,0,0,0,0,0,48,,,,,1,eol
425,0,0,-,,Kimura,Akiharu,,70,10,2,1921,98,Japan,21697,Daigo,2,176,183,1,1,2,1506,1506,12,0,338,268,446,398,392,283,329,252,427,379,384,274,323,284,437,410,408,251,14,2,2,9,22,8,5,72,32,188,41,194,42,194,49,15,15,30,1,1,41,5,3,41,32,42,15,139,76,142,112,57,0,200,0,0,0,0,0,0,0,0,1,550,.223,11,0,24,45,119,14,0,0,0,0,0,0,0,0,0,0,0,0,0,0,0,0,0,0,0,0,0,99,68,102,100,129,91,1,.9302,1,3,0,0,0,0,0,0,0,0,0,0,0,3,0,0,0,0,0,0,0,0,0,0,0,0,57,,,,,136,eol
181,0,0,-,,Yamaguchi,Takaaki,,27,16,2,1922,98,Japan,55951,Nonoichi,2,184,203,1,1,11,1318,1513,11,2,357,303,165,232,372,348,356,301,165,232,371,347,362,303,171,245,379,356,2,1,2,23,3,4,39,91,3,395,330,416,342,410,340,7,5,2,76,13,66,11,4,3,1,109,13,1,7,57,110,42,200,0,0,0,0,0,0,0,0,0,1,550,.268,0,0,11,65,103,7,0,0,0,0,0,0,0,0,0,0,0,0,0,0,0,0,0,0,0,0,0,14,147,58,114,23,132,375,.9972,376,319,336,0,324,0,330,346,0,0,0,0,0,309,343,0,339,0,335,343,0,0,0,0,0,0,92,,,,,1,eol
983,0,0,-,,Suzuki,Totaro,,8,23,1,1921,98,Japan,38890,Kitakyushu,2,173,190,1,1,11,1612,1874,12,1,234,227,157,146,273,169,228,214,151,131,263,164,213,217,153,249,268,158,1,0,1,1,1,4,7,144,4,281,385,303,400,308,407,5,4,2,72,107,65,10,3,1,17,95,6,1,9,36,60,72,200,0,0,0,0,0,0,0,0,0,1,550,.278,0,0,21,51,112,5,0,0,0,0,0,0,0,0,0,0,0,0,0,0,0,0,0,0,0,0,0,14,109,19,116,85,67,406,.9978,405,385,1,0,400,0,379,407,0,0,0,364,0,384,37,0,395,0,398,404,0,0,0,395,0,0,85,,,,,1,eol
585,0,0,-,,Yamamoto,Shota,,31,12,3,1917,98,Japan,32017,Hiroshima,2,187,201,1,1,11,2066,2112,15,0,71,101,249,126,125,14,67,90,234,113,120,13,51,109,226,195,121,7,2,2,1,11,18,6,7,69,6,350,401,371,413,370,406,6,5,2,55,64,59,9,3,50,28,70,12,11,7,20,35,15,200,0,0,0,0,0,0,0,0,0,1,550,.280,0,0,17,48,99,6,0,0,0,0,0,0,0,0,0,0,0,0,0,0,0,0,0,0,0,0,0,174,79,71,187,93,98,358,1.0031,359,318,0,0,0,346,384,380,0,0,0,0,0,328,0,0,0,353,380,382,0,0,0,0,0,0,87,,,,,11,eol
845,0,0,-,,Kobayashi,Toshimasa,,60,6,1,1923,98,Japan,24603,Fujisawa,2,187,199,1,1,5,1263,1300,9,0,343,345,346,410,417,254,336,336,336,397,412,246,336,337,340,396,418,265,4,0,2,89,44,63,125,81,72,76,80,78,81,77,72,19,15,30,1,1,45,4,4,137,164,147,189,1,1,58,123,153,0,0,0,156,200,200,0,0,0,0,1,550,.206,17,2,11,50,102,4,0,0,0,0,0,0,0,0,0,0,0,0,0,0,0,0,0,0,0,0,0,129,86,179,164,100,108,1,.9756,1,4,0,0,0,0,0,0,0,0,0,0,0,3,0,0,0,0,0,0,0,0,0,0,0,0,50,,,,,1,eol
430,0,0,-,,Takahashi,Tabito,Rough house,20,27,2,1919,98,Japan,53944,Nakano,2,177,194,1,1,7,1469,1656,12,3,403,438,327,413,429,369,392,419,314,396,420,360,394,429,314,406,417,365,8,1,0,85,97,52,107,117,87,103,44,111,45,109,53,15,15,30,1,1,54,2,3,53,41,92,46,1,8,94,87,106,0,0,96,0,0,0,162,186,141,0,1,550,.246,30,3,10,50,96,8,0,0,0,0,0,0,0,0,0,0,0,0,0,0,0,0,0,0,0,0,0,90,175,38,52,110,77,1,.9302,1,3,0,0,0,0,0,0,0,0,0,0,0,3,0,0,0,0,0,0,0,0,0,0,0,0,53,,,,,1,eol
512,0,0,-,,Fukuda,Katsuya,,35,18,3,1917,98,Japan,92923,Shunan,2,183,202,1,1,2,1444,1636,14,3,379,290,420,379,443,317,364,263,396,353,430,308,367,308,408,391,428,322,10,2,0,13,7,24,10,88,38,131,70,153,75,159,57,15,15,30,1,1,46,5,2,41,44,72,11,109,97,19,17,56,0,200,0,0,0,0,0,0,0,0,1,550,.235,14,0,15,37,90,10,0,0,0,0,0,0,0,0,0,0,0,0,0,0,0,0,0,0,0,0,0,116,91,104,161,77,73,1,.8163,1,3,0,0,0,0,0,0,0,0,0,0,0,3,0,0,0,0,0,0,0,0,0,0,0,0,57,,,,,105,eol
163,0,0,-,,Ishida,Hirohito,,10,14,11,1917,98,Japan,38885,Kitahiroshima,2,178,194,1,1,4,1502,1621,12,1,399,312,342,415,458,328,384,290,320,390,442,318,395,322,318,410,455,329,14,0,2,95,44,133,114,119,74,71,35,87,38,92,41,15,15,30,1,1,50,4,2,92,121,57,97,1,11,32,116,30,0,0,0,200,0,15,0,0,0,0,1,550,.237,16,2,11,49,82,14,0,0,0,0,0,0,0,0,0,0,0,0,0,0,0,0,0,0,0,0,0,72,95,104,99,96,64,1,.8163,1,3,0,0,0,0,0,0,0,0,0,0,0,3,0,0,0,0,0,0,0,0,0,0,0,0,47,,,,,1,eol
354,0,0,-,,Morioka,Chuichi,,39,14,8,1919,98,Japan,30879,Hashimoto,2,172,172,1,1,11,1461,1517,12,3,289,218,171,118,326,272,285,210,167,109,321,266,290,217,171,207,316,290,3,1,0,42,2,47,59,72,2,361,360,355,364,379,364,10,5,3,83,43,58,10,4,17,40,113,38,1,2,21,31,29,200,0,0,0,0,0,0,0,0,0,1,550,.272,0,0,17,59,112,10,0,0,0,0,0,0,0,0,0,0,0,0,0,0,0,0,0,0,0,0,0,70,85,105,128,54,110,407,.9763,401,0,0,420,408,395,0,0,0,0,0,0,0,0,0,411,411,393,0,0,0,0,0,0,0,0,89,,,,,1,eol
121,0,0,-,,Hirano,Michinaga,,28,15,2,1917,98,Japan,30593,Hanno,2,192,229,2,2,3,1366,1502,14,3,406,257,322,362,398,399,416,277,336,383,407,408,411,279,345,408,416,397,2,0,1,77,40,91,88,115,62,157,60,134,56,139,65,15,15,30,1,1,46,3,2,17,56,69,4,1,10,35,40,3,0,0,200,0,0,0,0,0,0,0,1,550,.259,16,1,11,43,106,2,0,0,0,0,0,0,0,0,0,0,0,0,0,0,0,0,0,0,0,0,0,81,132,84,178,81,126,1,1.2250,1,3,0,0,0,0,0,0,0,0,0,0,0,3,0,0,0,0,0,0,0,0,0,0,0,0,56,,,,,1,eol
510,0,0,-,,Sugimoto,Tsugunao,,10,16,8,1918,98,Japan,88034,Yokohama,2,189,227,1,1,3,1262,1842,15,3,414,240,366,366,421,393,410,234,359,359,418,388,403,265,364,391,418,379,4,1,2,15,31,12,7,95,45,195,68,201,70,194,61,15,15,30,1,1,43,2,3,16,48,52,11,9,1,9,36,7,0,0,200,0,0,0,0,0,0,0,1,550,.258,13,0,13,38,98,4,0,0,0,0,0,0,0,0,0,0,0,0,0,0,0,0,0,0,0,0,0,54,131,50,200,104,109,1,.9302,1,3,0,0,0,0,0,0,0,0,0,0,0,3,0,0,0,0,0,0,0,0,0,0,0,0,59,,,,,9,eol
905,0,0,-,,Taira,Minoru,El Chamaquito,12,7,1,1920,98,Japan,13173,Chiba,2,171,171,1,1,11,1779,1779,12,0,214,53,110,102,226,176,214,53,110,102,226,176,214,59,112,188,227,175,2,0,1,26,22,10,40,74,2,374,285,384,289,386,282,5,2,0,116,117,64,10,3,30,31,122,24,1,6,42,59,33,200,0,0,0,0,0,0,0,0,0,1,550,.278,0,0,14,77,102,5,0,0,0,0,0,0,0,0,0,0,0,0,0,0,0,0,0,0,0,0,0,44,196,117,171,145,123,369,1.0028,372,345,0,0,361,361,361,0,0,0,0,0,0,356,0,0,360,354,371,0,0,0,0,0,0,0,80,,,,,1,eol
843,0,0,-,,Suzuki,Masafumi,Highpockets,35,25,4,1920,98,Japan,58287,Omihachiman,2,173,172,1,1,4,1391,1391,10,0,296,392,420,409,186,366,294,384,413,404,184,364,304,383,418,427,207,382,3,2,1,134,96,132,161,75,38,80,29,86,30,77,17,19,15,30,1,1,42,4,3,132,138,112,130,1,3,56,100,123,0,0,0,200,0,200,0,0,0,0,1,550,.200,17,2,19,52,209,3,0,0,0,0,0,0,0,0,0,0,0,0,0,0,0,0,0,0,0,0,0,126,170,97,145,99,163,1,.9302,1,3,0,0,0,0,0,0,0,0,0,0,0,3,0,0,0,0,0,0,0,0,0,0,0,0,41,,,,,1,eol
341,0,0,-,,Fukuda,Mikihiro,,32,5,7,1919,98,Japan,77661,Tokyo,2,190,220,1,1,2,1501,1840,12,3,373,350,368,388,425,314,363,337,352,373,417,309,394,322,372,408,438,344,3,0,0,134,24,152,182,132,46,69,53,104,57,86,59,15,15,30,1,1,51,5,2,45,37,53,25,98,105,54,65,30,0,200,0,0,0,0,0,0,0,0,1,550,.227,16,4,12,43,98,3,0,0,0,0,0,0,0,0,0,0,0,0,0,0,0,0,0,0,0,0,0,91,114,88,178,108,87,10,1.6305,19,27,0,0,0,0,0,0,0,0,0,0,0,51,0,0,0,0,0,0,0,0,0,0,0,0,55,,,,,98,eol
250,0,0,-,,Matsuoka,Zenzo,,36,4,7,1919,98,Japan,88389,Yashio,2,179,199,1,1,5,1544,1544,13,1,368,294,216,401,414,335,358,282,199,380,406,328,368,284,199,420,404,333,3,1,2,93,15,111,123,116,44,65,82,71,84,65,81,15,15,30,1,1,55,4,3,153,143,126,105,3,10,56,177,114,0,0,0,200,200,91,153,0,144,0,1,550,.221,15,1,4,45,105,3,0,0,0,0,0,0,0,0,0,0,0,0,0,0,0,0,0,0,0,0,0,97,89,56,117,112,96,1,.9302,1,2,0,0,0,0,0,0,0,0,0,0,0,3,0,0,0,0,0,0,0,0,0,0,0,0,55,,,,,3,eol
147,0,0,-,,Suzuki,Sukejuro,,25,20,11,1923,98,Japan,38843,Kishiwada,2,177,196,1,1,4,830,953,8,3,309,251,400,409,374,217,308,249,397,408,373,217,308,263,400,402,388,231,5,0,2,132,47,137,172,111,53,163,24,170,25,170,21,15,15,30,1,1,45,4,3,132,179,132,102,3,33,63,112,120,0,0,42,200,200,165,0,0,0,0,1,550,.192,9,1,14,53,127,5,0,0,0,0,0,0,0,0,0,0,0,0,0,0,0,0,0,0,0,0,0,73,19,92,192,80,171,1,.9302,1,1,0,0,0,0,0,0,0,0,0,0,0,3,0,0,0,0,0,0,0,0,0,0,0,0,55,,,,,3,eol
1151,0,0,-,,Sugawara,Benjiro,,30,7,8,1924,98,Japan,56506,Obanazawa,2,180,182,1,1,8,679,740,6,2,337,378,313,286,401,288,333,369,307,278,398,283,372,377,388,440,406,338,5,2,0,128,150,142,115,183,181,74,36,80,37,77,35,15,15,30,1,1,59,3,3,83,50,83,58,1,1,173,123,118,0,0,0,0,0,0,94,200,161,0,1,550,.210,19,3,10,18,110,5,0,0,0,0,0,0,0,0,0,0,0,0,0,0,0,0,0,0,0,0,0,97,99,128,115,89,70,1,.9302,1,2,0,0,0,0,0,0,0,0,0,0,0,3,0,0,0,0,0,0,0,0,0,0,0,0,54,,,,,1,eol
488,0,0,-,,Yamamoto,Masakazu,,21,11,7,1918,98,Japan,77661,Tokyo,2,184,203,1,1,11,1929,2249,15,2,86,201,121,299,151,8,85,195,121,289,150,8,93,203,120,345,154,13,1,1,1,9,16,5,4,58,2,340,352,342,353,345,367,7,3,1,71,86,48,11,4,52,40,124,31,7,2,22,44,35,200,0,0,0,0,0,0,0,0,0,1,550,.273,0,0,23,61,111,7,0,0,0,0,0,0,0,0,0,0,0,0,0,0,0,0,0,0,0,0,0,96,130,149,125,104,105,403,1.0022,418,0,397,192,357,374,0,376,0,0,0,379,0,0,410,224,370,399,0,388,0,0,0,390,0,0,102,,,,,7,eol
234,0,0,-,,Yoshimoto,Shinjiro,,20,2,6,1920,98,Japan,31767,Higashimurayama,2,173,183,1,1,4,1230,1477,12,3,429,379,175,372,496,352,413,353,164,348,477,340,421,371,177,347,490,344,5,1,2,103,61,131,112,106,28,180,39,185,40,188,41,15,15,30,1,1,41,4,3,115,117,73,99,1,3,44,106,34,0,0,2,200,0,101,0,0,0,0,1,550,.245,23,3,2,36,60,5,0,0,0,0,0,0,0,0,0,0,0,0,0,0,0,0,0,0,0,0,0,74,126,83,100,45,68,1,.9302,1,5,0,0,0,0,0,0,0,0,0,0,0,3,0,0,0,0,0,0,0,0,0,0,0,0,56,,,,,1,eol
676,0,0,-,,Ono,Hiromichi,,18,2,9,1918,98,Japan,92881,Ichikikushikino,2,178,200,2,2,9,1755,1997,15,1,307,351,382,351,349,279,328,400,425,398,371,297,314,389,412,432,360,290,3,2,0,137,96,159,145,52,53,96,66,75,65,96,62,18,15,30,1,1,43,4,4,1,12,41,2,1,10,110,74,110,0,0,0,0,0,0,200,0,192,0,1,550,.215,18,4,19,45,132,3,0,0,0,0,0,0,0,0,0,0,0,0,0,0,0,0,0,0,0,0,0,124,147,91,107,181,71,1,1.0250,1,4,0,0,0,0,0,0,0,0,0,0,0,3,0,0,0,0,0,0,0,0,0,0,0,0,47,,,,,1,eol
603,0,0,-,,Tamaki,Kunio,,24,19,4,1921,98,Japan,54027,Namie,2,187,203,2,1,3,837,1137,11,3,308,364,372,385,391,236,325,406,414,425,412,253,334,397,403,430,407,274,5,0,0,28,16,1,49,92,40,80,30,86,31,77,37,18,15,30,1,1,46,5,3,103,97,38,16,57,56,19,20,27,0,123,200,0,0,0,0,0,0,0,1,550,.212,22,0,16,57,105,5,0,0,0,0,0,0,0,0,0,0,0,0,0,0,0,0,0,0,0,0,0,89,86,86,98,91,119,2,.9302,1,7,0,0,0,0,0,0,0,0,0,0,0,3,0,0,0,0,0,0,0,0,0,0,0,0,45,,,,,60,eol
742,0,0,-,,Aoki,Akira,,42,31,3,1919,98,Japan,57012,Okayama,2,174,185,1,1,6,1606,1833,12,0,360,386,335,320,445,279,358,381,333,316,442,277,375,390,348,375,440,315,9,0,0,106,80,115,140,108,2,127,44,137,45,144,49,18,15,30,1,1,38,4,3,144,117,98,76,1,6,102,60,94,0,0,0,200,200,200,118,0,0,0,1,550,.221,21,3,11,25,84,9,0,0,0,0,0,0,0,0,0,0,0,0,0,0,0,0,0,0,0,0,0,16,168,96,180,83,92,1,.9302,1,1,0,0,0,0,0,0,0,0,0,0,0,3,0,0,0,0,0,0,0,0,0,0,0,0,48,,,,,1,eol
235,0,0,-,,Hamada,Kinji,,24,23,6,1920,98,Japan,32017,Hiroshima,2,181,201,1,1,5,1204,1490,13,3,326,305,434,420,408,250,314,275,408,394,395,239,326,287,419,430,400,277,14,2,0,31,16,6,48,65,48,66,29,83,31,77,25,15,15,30,1,1,60,2,2,86,136,164,40,1,4,94,113,166,0,0,0,0,200,0,0,0,3,0,1,550,.212,13,0,19,50,110,14,0,0,0,0,0,0,0,0,0,0,0,0,0,0,0,0,0,0,0,0,0,90,118,129,76,78,74,1,.8163,1,6,0,0,0,0,0,0,0,0,0,0,0,3,0,0,0,0,0,0,0,0,0,0,0,0,52,,,,,1,eol
188,0,0,-,,Suga,Hiromu,,18,24,6,1918,98,Japan,430,Ageo,2,178,200,1,1,2,1973,2273,15,3,315,302,389,419,379,271,304,277,363,397,366,258,330,308,392,400,416,256,5,0,2,70,24,62,101,112,51,143,37,151,37,165,53,15,15,30,1,1,43,5,4,60,38,37,7,150,65,61,102,50,0,200,0,0,0,0,0,0,0,0,1,550,.200,13,1,13,51,130,5,0,0,0,0,0,0,0,0,0,0,0,0,0,0,0,0,0,0,0,0,0,77,104,99,88,86,71,1,.9756,1,3,0,0,0,0,0,0,0,0,0,0,0,3,0,0,0,0,0,0,0,0,0,0,0,0,56,,,,,149,eol
474,0,0,-,,Wada,Motoi,,56,18,4,1920,98,Japan,88034,Yokohama,2,178,202,1,1,4,1339,1347,10,1,363,272,184,370,438,256,350,249,173,347,426,244,345,256,182,411,433,259,9,0,2,103,64,137,110,90,69,80,77,86,79,86,74,15,15,30,1,1,49,5,3,152,165,127,135,1,11,120,157,101,0,0,0,200,74,200,0,125,46,0,1,550,.198,11,1,3,35,92,9,0,0,0,0,0,0,0,0,0,0,0,0,0,0,0,0,0,0,0,0,0,132,76,92,173,93,62,1,.9302,1,3,0,0,0,0,0,0,0,0,0,0,0,3,0,0,0,0,0,0,0,0,0,0,0,0,53,,,,,1,eol
908,0,0,-,,Sonoda,Akira,,32,3,2,1921,98,Japan,67899,Saiki,2,175,192,1,1,11,787,965,11,3,53,179,132,147,101,11,49,175,132,144,97,11,40,189,130,158,101,12,1,0,1,19,1,7,40,140,3,328,311,344,319,334,309,8,5,2,97,72,58,11,3,24,53,105,17,3,11,22,15,41,200,0,0,0,0,0,0,0,0,0,1,550,.280,0,0,19,71,105,8,0,0,0,0,0,0,0,0,0,0,0,0,0,0,0,0,0,0,0,0,0,111,85,137,162,88,88,384,1.0033,392,328,328,348,358,0,373,0,0,0,0,0,0,353,362,368,370,0,371,0,0,0,0,0,0,0,85,,,,,3,eol
511,0,0,-,,Aoki,Takao,,33,1,10,1921,98,Japan,30928,Hasuda,2,169,178,3,1,3,741,1454,11,3,417,293,220,402,429,394,408,274,206,382,420,385,411,279,226,408,420,394,7,1,1,88,85,81,97,123,61,168,26,172,27,173,36,15,15,30,1,1,42,2,3,63,68,52,141,1,4,31,94,21,0,0,192,177,0,0,0,0,0,0,1,550,.248,16,1,5,46,96,7,0,0,0,0,0,0,0,0,0,0,0,0,0,0,0,0,0,0,0,0,0,59,101,31,86,89,111,1,.9302,1,3,0,0,0,0,0,0,0,0,0,0,0,3,0,0,0,0,0,0,0,0,0,0,0,0,54,,,,,1,eol
307,0,0,-,,Yamashiro,Taira,,16,17,12,1915,98,Japan,4344,Asahikawa,2,191,203,3,2,11,1997,2354,18,3,209,203,108,161,240,164,218,235,145,174,260,171,218,236,162,224,258,178,2,1,2,8,20,16,4,84,1,357,356,339,340,342,345,7,4,2,108,127,58,11,3,35,28,114,6,1,1,55,3,56,200,0,0,0,0,0,0,0,0,0,1,550,.280,0,0,19,64,102,7,0,0,0,0,0,0,0,0,0,0,0,0,0,0,0,0,0,0,0,0,0,120,84,112,137,73,70,370,1.0015,376,314,0,323,331,303,325,0,0,0,0,0,0,328,0,342,338,305,334,0,0,0,0,0,0,0,88,,,,,1,eol
247,0,0,-,,Nakano,Yoshino,,41,4,12,1919,98,Japan,36662,Kamakura,2,178,200,1,1,2,1642,1642,14,0,327,264,403,321,442,198,323,255,396,315,437,195,335,258,394,349,434,220,3,2,1,69,34,52,97,102,57,182,44,187,45,190,44,15,15,30,1,1,40,5,3,80,50,81,15,154,103,66,60,75,0,200,74,0,0,0,0,0,0,0,1,550,.202,11,0,14,24,87,3,0,0,0,0,0,0,0,0,0,0,0,0,0,0,0,0,0,0,0,0,0,189,11,179,104,74,49,3,.9302,1,9,0,0,0,0,0,0,0,0,0,0,0,3,0,0,0,0,0,0,0,0,0,0,0,0,56,,,,,153,eol
848,0,0,-,,Rin,Hiromitsu,,4,7,1,1923,98,Japan,40713,Kyoto,2,174,188,3,1,8,677,1015,9,3,417,350,112,327,395,406,411,337,112,319,390,400,406,351,130,331,400,404,3,0,0,101,141,110,79,110,63,67,28,83,30,77,17,19,15,30,1,1,56,2,2,17,13,37,19,1,9,134,170,78,0,0,0,0,0,0,179,200,53,0,1,550,.240,19,5,1,26,115,3,0,0,0,0,0,0,0,0,0,0,0,0,0,0,0,0,0,0,0,0,0,80,117,45,164,107,114,1,1.6272,1,3,0,0,0,0,0,0,0,0,0,0,0,3,0,0,0,0,0,0,0,0,0,0,0,0,47,,,,,1,eol
278,0,0,-,,Handa,Michito,Warthog,6,2,6,1918,98,Japan,77661,Tokyo,2,181,201,1,1,3,1362,1753,15,3,398,422,167,390,427,354,398,421,167,389,426,354,397,416,181,414,433,353,7,2,1,88,109,111,71,84,80,77,42,83,43,77,47,15,15,30,1,1,60,2,3,65,96,69,98,1,7,18,75,43,0,0,200,170,0,133,0,0,0,0,1,550,.233,29,3,2,46,94,7,0,0,0,0,0,0,0,0,0,0,0,0,0,0,0,0,0,0,0,0,0,116,193,99,152,54,170,1,.9302,1,3,0,0,0,0,0,0,0,0,0,0,0,3,0,0,0,0,0,0,0,0,0,0,0,0,50,,,,,1,eol
1001,0,0,-,,Wada,Tsuna,,37,17,10,1924,98,Japan,32001,Hirakata,2,179,194,3,2,7,789,789,8,0,360,333,392,309,362,347,358,329,385,304,361,344,374,330,389,318,373,373,5,2,0,120,100,165,112,151,145,82,75,80,74,77,73,19,15,30,1,1,37,2,4,17,38,88,6,1,4,96,100,123,0,0,127,0,0,0,200,0,200,0,1,550,.224,17,2,14,21,135,5,0,0,0,0,0,0,0,0,0,0,0,0,0,0,0,0,0,0,0,0,0,96,73,57,135,117,129,1,1.0250,1,1,0,0,0,0,0,0,0,0,0,0,0,3,0,0,0,0,0,0,0,0,0,0,0,0,50,,,,,1,eol
2372,0,0,-,,Jaime,Danny,,2,8,4,1925,151,Puerto Rico,60118,Ponce,5,177,201,2,2,7,0,0,0,0,370,286,175,356,414,328,420,312,199,387,472,354,409,304,188,382,455,352,5,0,2,87,72,71,64,103,9,282,16,280,16,285,15,15,15,30,1,1,38,2,3,84,89,78,6,1,7,99,112,103,0,0,0,0,0,0,148,0,200,0,1,550,.242,19,2,4,43,75,5,0,0,0,0,0,0,0,0,0,0,0,0,0,0,0,0,0,0,0,0,0,168,15,26,120,91,91,1,1.0000,1,0,0,0,0,0,0,0,0,0,0,0,0,0,0,0,0,0,0,0,0,0,0,0,0,0,63,,,,,11,eol
775,0,0,-,,Kinoshita,Kosuke,,18,29,1,1918,98,Japan,24630,Fuchu,2,192,216,1,1,3,1044,1228,14,0,362,344,389,357,418,328,360,339,386,352,417,326,359,340,383,379,412,320,2,1,0,37,29,40,38,60,41,81,65,100,70,89,72,18,15,30,1,1,43,5,2,22,37,69,1,1,8,65,113,88,0,0,176,0,0,0,173,0,188,0,1,550,.235,21,0,14,35,99,2,0,0,0,0,0,0,0,0,0,0,0,0,0,0,0,0,0,0,0,0,0,83,132,110,114,111,137,7,1.0491,10,20,0,0,0,0,0,0,0,0,0,0,0,27,0,0,0,0,0,0,0,0,0,0,0,0,52,,,,,1,eol
875,0,0,-,,Okada,Isamu,,21,10,4,1923,98,Japan,88389,Yashio,2,177,189,2,2,3,656,968,9,3,263,332,377,380,329,211,283,378,428,431,349,226,289,377,414,444,339,249,4,2,0,75,17,82,104,33,39,85,57,78,56,77,53,19,15,30,1,1,57,2,3,118,116,72,6,1,6,60,86,127,0,0,197,0,0,0,104,0,197,0,1,550,.193,16,1,20,60,146,4,0,0,0,0,0,0,0,0,0,0,0,0,0,0,0,0,0,0,0,0,0,143,29,78,146,98,99,1,1.0750,1,5,0,0,0,0,0,0,0,0,0,0,0,3,0,0,0,0,0,0,0,0,0,0,0,0,50,,,,,1,eol
701,0,0,-,,Yamauchi,Tetsuaki,,32,10,9,1921,98,Japan,54277,Naruto,2,179,194,2,2,7,974,1674,12,3,389,355,176,242,436,337,415,402,199,282,461,357,413,391,200,329,461,354,4,0,1,154,105,170,170,107,80,81,61,64,56,75,66,18,15,30,1,1,48,2,2,54,34,21,6,1,2,117,119,94,0,0,142,0,0,0,200,144,144,0,1,550,.243,25,4,4,17,76,4,0,0,0,0,0,0,0,0,0,0,0,0,0,0,0,0,0,0,0,0,0,44,104,88,110,71,135,1,1.2250,1,5,0,0,0,0,0,0,0,0,0,0,0,3,0,0,0,0,0,0,0,0,0,0,0,0,48,,,,,1,eol
270,0,0,-,,Ogawa,Nobuhisa,,7,21,5,1917,98,Japan,78284,Tama,2,188,200,1,1,11,1463,1731,16,2,43,71,180,215,117,1,34,60,161,198,104,1,45,68,167,245,114,1,3,1,0,5,12,9,2,133,6,273,360,271,356,284,357,7,5,0,100,76,59,10,4,32,24,87,11,3,2,45,19,25,200,0,0,0,0,0,0,0,0,0,1,550,.287,0,0,24,60,105,7,0,0,0,0,0,0,0,0,0,0,0,0,0,0,0,0,0,0,0,0,0,118,186,61,14,23,54,380,.9681,381,335,362,347,357,0,0,320,0,0,0,353,0,341,358,352,349,0,0,329,0,0,0,363,0,0,85,,,,,3,eol
372,0,0,-,,Segawa,Yuichi,,33,5,10,1919,98,Japan,37534,Kawasaki,2,183,204,1,1,7,1217,1383,13,2,372,305,205,430,422,307,359,283,188,408,411,299,348,305,194,427,415,300,5,0,2,158,115,153,183,119,71,73,29,79,30,77,28,15,15,30,1,1,56,2,3,47,43,103,49,2,9,122,114,123,0,0,135,0,118,0,200,195,111,0,1,550,.210,13,3,4,56,101,5,0,0,0,0,0,0,0,0,0,0,0,0,0,0,0,0,0,0,0,0,0,112,114,65,116,149,89,1,.9302,1,1,0,0,0,0,0,0,0,0,0,0,0,3,0,0,0,0,0,0,0,0,0,0,0,0,51,,,,,2,eol
579,0,0,-,,Tsunoda,Kiyokazu,,29,4,12,1915,98,Japan,53811,Nagano,2,185,197,2,2,11,2601,2820,18,1,105,181,121,207,131,63,127,207,121,238,147,73,144,198,116,253,152,100,2,1,0,23,7,5,43,141,1,231,394,224,391,249,422,5,2,1,114,106,58,9,3,23,26,97,1,6,6,33,24,7,200,0,0,0,0,0,0,0,0,0,1,550,.295,0,0,27,51,102,5,0,0,0,0,0,0,0,0,0,0,0,0,0,0,0,0,0,0,0,0,0,183,167,112,171,141,83,368,1.0003,393,343,305,402,361,0,151,0,0,0,0,0,0,378,335,410,389,0,194,0,0,0,0,0,0,0,81,,,,,6,eol
757,0,0,-,,Nakamura,Ayahito,,20,1,2,1917,98,Japan,33329,Iwaki,2,181,176,1,1,11,1997,2452,16,1,126,127,146,385,150,67,112,112,137,359,141,61,128,124,137,363,149,72,2,1,1,5,12,3,4,62,19,258,396,282,404,274,410,7,4,2,69,45,62,8,3,37,38,137,50,7,1,34,47,14,200,0,0,0,0,0,0,0,0,0,1,550,.288,0,0,23,49,100,7,0,0,0,0,0,0,0,0,0,0,0,0,0,0,0,0,0,0,0,0,0,90,48,116,99,19,105,361,.9999,364,368,385,0,396,0,377,0,0,0,0,0,0,370,388,0,397,0,403,0,0,0,0,0,0,0,86,,,,,7,eol
657,0,0,-,,Tanada,Tomomi,,30,22,12,1917,98,Japan,88032,Yokkaichi,2,192,205,1,1,11,1845,2028,14,1,68,216,121,128,105,14,68,216,121,128,105,14,59,213,116,218,114,26,2,0,2,6,17,4,2,94,13,376,263,401,276,390,274,6,4,1,108,187,61,9,4,41,43,87,32,4,11,15,39,24,200,0,0,0,0,0,0,0,0,0,1,550,.282,0,0,14,79,92,6,0,0,0,0,0,0,0,0,0,0,0,0,0,0,0,0,0,0,0,0,0,91,107,104,144,104,156,330,.9996,337,0,334,0,313,275,335,0,0,0,0,0,0,0,347,0,313,272,356,0,0,0,0,0,0,0,83,,,,,4,eol
1097,0,0,-,,Yoshida,Soroku,,13,31,12,1917,98,Japan,58277,Otawara,2,181,201,1,1,4,1709,2049,16,1,300,302,403,318,400,171,294,290,385,307,393,167,293,309,395,350,406,168,6,0,0,91,43,95,118,90,44,70,26,76,27,71,29,19,15,30,1,1,42,5,3,164,131,52,122,9,1,94,93,91,0,0,17,200,0,0,131,0,108,0,1,550,.185,12,1,14,23,113,6,0,0,0,0,0,0,0,0,0,0,0,0,0,0,0,0,0,0,0,0,0,81,78,88,81,111,86,1,.9302,1,1,0,0,0,0,0,0,0,0,0,0,0,3,0,0,0,0,0,0,0,0,0,0,0,0,44,,,,,9,eol
647,0,0,-,,Nakamura,Yoshihiko,,83,11,1,1920,98,Japan,77661,Tokyo,2,179,190,1,1,7,807,1382,12,3,325,326,395,383,399,245,324,322,390,378,398,243,322,338,406,404,407,249,10,0,0,74,57,88,81,59,65,73,2,79,3,77,13,18,15,30,1,1,57,2,3,30,31,49,17,3,7,81,151,112,0,0,0,0,0,0,200,0,184,0,1,550,.205,16,1,14,43,111,10,0,0,0,0,0,0,0,0,0,0,0,0,0,0,0,0,0,0,0,0,0,111,159,96,30,72,74,1,.9302,1,1,0,0,0,0,0,0,0,0,0,0,0,3,0,0,0,0,0,0,0,0,0,0,0,0,48,,,,,3,eol
323,0,0,-,,Kuno,Kento,,21,2,7,1919,98,Japan,55346,Neyagawa,2,171,192,1,1,5,1417,1417,12,1,313,286,382,362,428,175,310,277,372,354,424,174,315,289,383,384,424,202,12,0,0,60,53,68,61,120,80,109,29,117,30,112,33,15,15,30,1,1,49,4,3,122,115,157,108,1,6,103,114,134,0,0,33,86,200,162,93,106,0,0,1,550,.192,12,0,13,36,95,12,0,0,0,0,0,0,0,0,0,0,0,0,0,0,0,0,0,0,0,0,0,72,89,74,21,44,69,1,.9302,1,1,0,0,0,0,0,0,0,0,0,0,0,3,0,0,0,0,0,0,0,0,0,0,0,0,50,,,,,1,eol
120,0,0,-,,Shimomura,Junjiro,,14,11,6,1917,98,Japan,33995,Ichikawa,2,191,216,2,2,7,1191,1787,14,3,327,267,349,383,400,272,337,288,368,405,408,283,335,284,364,417,405,283,3,0,1,57,23,81,63,99,40,77,50,71,49,77,49,15,15,30,1,1,52,2,3,15,9,83,1,1,8,68,83,133,0,0,0,0,0,0,200,0,152,0,1,550,.214,14,0,13,50,106,3,0,0,0,0,0,0,0,0,0,0,0,0,0,0,0,0,0,0,0,0,0,125,191,18,15,79,22,1,1.0750,1,1,0,0,0,0,0,0,0,0,0,0,0,3,0,0,0,0,0,0,0,0,0,0,0,0,51,,,,,1,eol
12,0,0,-,,Kinoshita,Kazuhito,,13,1,7,1919,98,Japan,53822,Nagasaki,2,189,210,1,1,2,1145,1812,14,3,347,278,222,410,418,288,337,261,210,394,410,277,334,279,226,418,412,271,3,0,2,88,24,121,102,105,48,85,37,91,38,77,41,15,15,30,1,1,53,3,3,125,83,42,18,118,120,49,21,41,0,200,0,0,81,0,0,0,0,0,1,550,.205,12,1,5,49,102,3,0,0,0,0,0,0,0,0,0,0,0,0,0,0,0,0,0,0,0,0,0,72,148,28,192,54,90,1,.9302,1,3,0,0,0,0,0,0,0,0,0,0,0,3,0,0,0,0,0,0,0,0,0,0,0,0,50,,,,,114,eol
888,0,0,-,,Moriya,Shoh,Double,31,15,9,1921,98,Japan,58281,Osaka,2,188,209,1,1,2,933,1286,10,3,321,283,390,404,406,258,311,257,363,377,394,248,334,317,382,421,411,274,2,0,0,53,23,91,53,114,49,71,43,77,44,77,38,19,15,30,1,1,40,4,3,30,52,29,86,122,45,56,51,28,0,200,0,0,0,0,0,0,0,0,1,550,.205,12,0,13,45,111,2,0,0,0,0,0,0,0,0,0,0,0,0,0,0,0,0,0,0,0,0,0,71,77,68,99,105,101,1,.9302,1,1,0,0,0,0,0,0,0,0,0,0,0,3,0,0,0,0,0,0,0,0,0,0,0,0,47,,,,,129,eol
588,0,0,-,,Aoki,Masanobu,,28,10,7,1920,98,Japan,37306,Kashiwa,2,179,199,1,1,2,806,1197,11,3,280,276,409,442,374,151,277,265,402,433,369,150,276,275,408,441,375,158,2,0,0,10,29,12,4,119,62,79,36,85,37,77,41,18,15,30,1,1,54,3,3,19,47,50,28,105,91,34,21,65,0,200,0,0,0,0,0,0,0,0,1,550,.176,10,0,16,67,129,2,0,0,0,0,0,0,0,0,0,0,0,0,0,0,0,0,0,0,0,0,0,161,100,47,125,80,52,1,.9302,1,2,0,0,0,0,0,0,0,0,0,0,0,3,0,0,0,0,0,0,0,0,0,0,0,0,50,,,,,112,eol
146,0,0,-,,Tamura,Kyoichi,,12,30,6,1922,98,Japan,88032,Yokkaichi,2,182,201,3,1,3,194,304,9,1,319,326,172,450,376,289,309,310,164,427,364,277,322,317,191,445,379,284,13,0,2,134,96,182,138,115,53,79,86,85,88,83,90,15,15,30,1,1,54,4,3,70,104,59,136,1,10,62,95,40,0,0,200,182,134,0,0,0,0,0,1,550,.189,14,2,2,66,131,13,0,0,0,0,0,0,0,0,0,0,0,0,0,0,0,0,0,0,0,0,0,150,87,38,98,129,96,1,.9302,1,1,0,0,0,0,0,0,0,0,0,0,0,3,0,0,0,0,0,0,0,0,0,0,0,0,54,,,,,1,eol
721,0,0,-,,Morimoto,Yoshinari,,8,15,12,1924,98,Japan,31933,Himeji,2,170,165,1,1,4,6,17,7,0,388,305,288,307,458,317,371,274,263,278,442,309,383,294,268,291,457,310,7,0,2,44,59,27,45,98,43,127,25,150,26,162,29,18,15,30,1,2,38,4,3,109,103,74,116,1,10,73,132,38,0,0,0,175,0,132,0,0,0,0,1,550,.229,16,0,8,18,82,7,0,0,0,0,0,0,0,0,0,0,0,0,0,0,0,0,0,0,0,0,0,90,137,54,131,14,80,1,.9302,1,3,0,0,0,0,0,0,0,0,0,0,0,3,0,0,0,0,0,0,0,0,0,0,0,0,47,,,,,1,eol
1049,0,0,-,,Rin,Shinji,,28,2,3,1922,98,Japan,88184,Yaita,2,182,199,2,2,9,734,1370,10,3,316,342,313,334,326,307,329,365,330,356,336,317,318,379,323,402,333,329,8,0,0,83,101,94,71,121,95,82,73,76,71,77,69,19,15,30,1,1,41,2,3,106,108,108,6,1,11,100,73,138,0,0,198,0,0,0,200,142,200,0,1,550,.201,15,4,11,35,153,8,0,0,0,0,0,0,0,0,0,0,0,0,0,0,0,0,0,0,0,0,0,33,110,1,136,117,102,1,1.0750,1,3,0,0,0,0,0,0,0,0,0,0,0,3,0,0,0,0,0,0,0,0,0,0,0,0,48,,,,,1,eol
77,0,0,-,,Inouye,Koji,,1,21,2,1917,98,Japan,31769,Higashiura,2,180,201,1,1,9,1216,1440,12,2,351,429,174,395,431,283,343,413,169,380,423,275,383,421,167,411,424,325,7,1,2,93,101,112,84,122,71,78,54,85,55,77,56,15,15,30,1,1,56,2,3,90,91,111,111,1,3,124,94,149,0,0,0,0,0,16,164,172,200,0,1,550,.205,25,3,3,45,95,7,0,0,0,0,0,0,0,0,0,0,0,0,0,0,0,0,0,0,0,0,0,53,60,11,83,75,93,1,.9302,1,4,0,0,0,0,0,0,0,0,0,0,0,3,0,0,0,0,0,0,0,0,0,0,0,0,53,,,,,1,eol
627,0,0,-,,Kurihara,Mitsuharu,,28,5,5,1920,98,Japan,81399,Tsuruoka,2,177,192,2,1,5,800,1027,10,2,265,251,379,349,359,151,282,302,429,400,385,159,291,298,414,421,381,193,5,1,0,13,30,3,9,111,46,68,51,74,52,77,45,18,15,30,1,1,59,4,3,96,100,154,52,8,1,61,151,132,0,0,14,0,200,0,0,0,0,0,1,550,.186,12,0,20,46,124,5,0,0,0,0,0,0,0,0,0,0,0,0,0,0,0,0,0,0,0,0,0,23,145,112,179,173,109,1,.9302,1,1,0,0,0,0,0,0,0,0,0,0,0,3,0,0,0,0,0,0,0,0,0,0,0,0,51,,,,,8,eol
925,0,0,-,,Nomura,Toshifumi,,5,19,6,1921,98,Japan,24603,Fujisawa,2,179,189,2,2,9,728,798,12,0,270,252,330,372,340,197,287,304,375,424,362,212,286,289,376,440,352,220,3,2,1,154,136,164,170,142,164,79,81,73,79,76,77,19,15,30,1,1,38,5,3,67,47,22,6,1,1,149,81,85,0,0,0,0,0,0,163,200,196,0,1,550,.183,11,2,13,56,137,3,0,0,0,0,0,0,0,0,0,0,0,0,0,0,0,0,0,0,0,0,0,113,112,85,85,82,122,1,1.0750,1,1,0,0,0,0,0,0,0,0,0,0,0,3,0,0,0,0,0,0,0,0,0,0,0,0,49,,,,,1,eol
622,0,0,-,,Ito,Kenzaburo,,9,28,2,1922,98,Japan,77661,Tokyo,2,185,203,3,1,9,580,879,10,1,292,327,411,439,379,188,285,313,391,421,367,182,287,335,394,423,371,197,3,2,2,79,29,100,88,112,55,78,86,84,88,77,81,18,15,30,1,1,52,3,3,24,26,95,10,4,6,76,88,141,0,0,177,0,0,0,185,0,199,0,1,550,.183,13,1,14,62,129,3,0,0,0,0,0,0,0,0,0,0,0,0,0,0,0,0,0,0,0,0,0,121,112,83,83,87,66,1,.9302,1,3,0,0,0,0,0,0,0,0,0,0,0,3,0,0,0,0,0,0,0,0,0,0,0,0,55,,,,,4,eol
977,0,0,-,,Sekiguchi,Mitsuru,,14,24,12,1923,98,Japan,2508,Amagi,2,181,202,1,1,6,378,378,9,0,339,330,265,361,396,294,333,323,251,353,392,286,327,334,254,382,392,285,9,0,0,71,34,80,92,132,45,71,27,87,30,77,29,19,15,30,1,1,41,3,2,111,104,70,123,1,9,60,126,38,0,0,157,200,194,163,0,0,0,0,1,550,.205,17,1,7,36,114,9,0,0,0,0,0,0,0,0,0,0,0,0,0,0,0,0,0,0,0,0,0,33,120,87,118,105,53,1,.8163,1,1,0,0,0,0,0,0,0,0,0,0,0,3,0,0,0,0,0,0,0,0,0,0,0,0,47,,,,,1,eol
1093,0,0,-,,Takai,Mutsu,,49,22,7,1921,98,Japan,36424,Kakamigahara,2,187,203,1,1,6,1327,1859,12,3,252,244,217,321,378,99,251,241,217,316,377,99,267,248,222,357,383,143,7,1,0,97,67,118,104,69,62,63,72,86,80,77,69,19,15,30,1,11,43,5,1,165,162,131,163,1,11,149,150,107,0,0,0,200,157,200,0,0,0,0,1,550,.137,6,0,5,25,124,7,0,0,0,0,0,0,0,0,0,0,0,0,0,0,0,0,0,0,0,0,0,107,87,63,35,122,81,1,1.1295,1,1,0,0,0,0,0,0,0,0,0,0,0,3,0,0,0,0,0,0,0,0,0,0,0,0,50,,,,,1,eol
30,0,0,-,,Wada,Masayuki,,9,28,5,1918,98,Japan,69261,Saitama,2,188,205,1,1,5,753,1233,13,3,316,310,366,394,390,253,307,296,346,371,379,244,315,289,367,407,390,256,4,0,0,82,27,78,111,107,47,135,60,149,62,156,65,15,15,30,1,1,41,2,3,103,102,128,40,8,8,78,80,131,0,0,158,0,200,0,0,0,0,0,1,550,.198,14,1,12,43,121,4,0,0,0,0,0,0,0,0,0,0,0,0,0,0,0,0,0,0,0,0,0,96,123,18,165,115,161,1,.9302,1,3,0,0,0,0,0,0,0,0,0,0,0,3,0,0,0,0,0,0,0,0,0,0,0,0,56,,,,,8,eol
11,0,0,-,,Daito,Ryuji,,10,25,10,1922,98,Japan,88034,Yokohama,2,192,217,1,1,2,344,636,11,2,266,220,326,463,208,319,261,211,315,442,203,314,279,232,337,487,210,335,3,2,1,18,11,2,33,104,27,74,49,76,49,92,43,15,15,30,1,3,50,4,4,54,37,39,14,93,71,63,46,57,0,181,172,0,80,0,12,20,0,0,1,550,.177,7,0,10,73,203,3,0,0,0,0,0,0,0,0,0,0,0,0,0,0,0,0,0,0,0,0,0,81,129,12,181,122,115,6,.9756,6,21,0,0,0,0,0,0,0,0,0,0,0,21,0,0,0,0,0,0,0,0,0,0,0,0,51,,,,,91,eol
945,0,0,-,,Takahashi,Taka,,10,26,3,1919,98,Japan,47049,Maki,2,181,204,1,1,4,888,1012,13,0,316,333,297,436,416,203,309,321,287,419,407,197,308,335,287,441,415,197,5,1,0,107,59,124,120,90,52,71,75,73,76,77,88,19,15,30,1,1,47,4,4,98,94,62,116,1,4,58,125,24,0,0,124,185,0,108,0,0,0,0,1,550,.189,14,2,9,61,104,5,0,0,0,0,0,0,0,0,0,0,0,0,0,0,0,0,0,0,0,0,0,124,97,12,115,78,86,1,.9756,1,3,0,0,0,0,0,0,0,0,0,0,0,3,0,0,0,0,0,0,0,0,0,0,0,0,50,,,,,1,eol
919,0,0,-,,Oyama,Takanobu,,49,16,10,1922,98,Japan,55587,Niihama,2,174,185,1,1,6,535,803,11,0,336,227,213,414,380,306,325,213,197,392,369,298,314,242,212,420,371,304,5,1,0,139,90,193,143,167,122,67,30,69,30,74,33,19,15,30,1,1,55,5,4,107,122,140,120,1,3,95,98,117,0,0,0,190,190,200,114,0,0,0,1,550,.199,8,1,4,49,128,5,0,0,0,0,0,0,0,0,0,0,0,0,0,0,0,0,0,0,0,0,0,82,120,40,45,104,96,1,.9756,1,3,0,0,0,0,0,0,0,0,0,0,0,3,0,0,0,0,0,0,0,0,0,0,0,0,49,,,,,1,eol
340,0,0,-,,Nakata,Tatsui,,2,19,9,1917,98,Japan,71531,Sapporo,2,177,198,1,1,4,1039,1039,15,1,361,280,177,404,356,348,353,268,172,392,350,342,359,289,171,421,373,356,4,0,1,64,6,80,91,195,48,211,19,219,19,224,19,15,15,30,1,1,38,5,3,113,102,65,107,1,9,56,119,40,0,0,151,200,0,200,0,0,0,0,1,550,.206,14,0,3,48,141,4,0,0,0,0,0,0,0,0,0,0,0,0,0,0,0,0,0,0,0,0,0,25,108,99,182,87,84,2,.9302,1,7,0,0,0,0,0,0,0,0,0,0,0,3,0,0,0,0,0,0,0,0,0,0,0,0,51,,,,,1,eol
764,0,0,-,,Ogawa,Sohachi,,36,16,2,1921,98,Japan,54220,Narashino,2,185,198,1,1,2,633,977,11,3,328,194,326,331,346,328,327,193,324,326,345,326,367,234,327,381,401,331,3,0,2,77,45,98,90,110,59,73,9,79,9,77,30,18,15,30,1,1,48,4,3,30,29,66,16,84,69,20,36,60,0,200,60,0,0,0,0,0,0,0,1,550,.208,7,0,11,28,145,3,0,0,0,0,0,0,0,0,0,0,0,0,0,0,0,0,0,0,0,0,0,77,100,42,182,104,76,1,.9302,5,6,0,0,0,0,0,0,0,0,0,0,0,17,0,0,0,0,0,0,0,0,0,0,0,0,46,,,,,84,eol
874,0,0,-,,Miyake,Akinari,,24,21,5,1921,98,Japan,40517,Kurashiki,2,187,201,2,2,7,733,733,11,0,208,246,384,384,223,177,217,290,427,430,240,186,221,275,424,426,243,183,8,0,1,84,48,94,97,58,33,82,46,76,45,77,49,19,15,30,1,1,56,5,3,50,43,106,6,1,3,98,94,162,0,0,66,0,0,0,186,100,200,0,1,550,.166,9,0,20,60,194,8,0,0,0,0,0,0,0,0,0,0,0,0,0,0,0,0,0,0,0,0,0,112,110,95,188,112,112,1,1.0750,1,1,0,0,0,0,0,0,0,0,0,0,0,3,0,0,0,0,0,0,0,0,0,0,0,0,55,,,,,1,eol
1114,0,0,-,,Osaki,Hideki,,5,1,2,1923,98,Japan,54472,Nayoro,2,172,193,1,1,2,38,93,8,0,321,231,377,297,374,294,320,229,374,290,372,294,338,239,375,340,367,327,5,2,0,37,1,45,51,115,6,85,22,91,23,86,32,19,15,30,1,1,36,5,3,1,46,61,7,87,96,18,120,49,0,189,120,0,0,0,0,0,0,0,1,550,.209,10,0,13,19,128,5,0,0,0,0,0,0,0,0,0,0,0,0,0,0,0,0,0,0,0,0,0,24,86,9,83,92,114,1,.9302,1,1,0,0,0,0,0,0,0,0,0,0,0,3,0,0,0,0,0,0,0,0,0,0,0,0,46,,,,,97,eol
867,0,0,-,,Tamura,Nagateru,,22,25,12,1920,98,Japan,36660,Kamagaya,2,182,201,3,1,5,392,720,11,2,266,264,368,332,352,166,280,301,404,363,369,173,285,296,402,407,367,193,12,0,0,50,27,2,81,104,32,72,95,78,97,74,85,19,15,30,1,1,53,3,3,136,125,120,95,6,1,14,137,92,0,0,79,0,200,184,0,0,0,0,1,550,.178,12,0,14,36,132,12,0,0,0,0,0,0,0,0,0,0,0,0,0,0,0,0,0,0,0,0,0,97,133,83,125,125,94,1,.9302,1,1,0,0,0,0,0,0,0,0,0,0,0,3,0,0,0,0,0,0,0,0,0,0,0,0,53,,,,,6,eol
498,0,0,-,,Kusunoki,Osamu,,4,15,11,1922,98,Japan,88034,Yokohama,2,178,198,1,1,3,459,459,10,0,330,309,278,395,401,272,326,303,273,385,396,269,322,303,272,418,392,271,4,2,0,99,86,123,99,105,31,204,29,230,31,226,37,15,15,30,1,1,39,4,2,63,67,104,111,1,11,8,117,77,0,0,154,147,145,141,0,0,0,0,1,550,.203,14,2,8,46,111,4,0,0,0,0,0,0,0,0,0,0,0,0,0,0,0,0,0,0,0,0,0,162,110,112,73,115,169,1,.8163,1,7,0,0,0,0,0,0,0,0,0,0,0,3,0,0,0,0,0,0,0,0,0,0,0,0,59,,,,,1,eol
915,0,0,-,,Nagashima,Yasushi,,30,29,1,1920,98,Japan,80391,Togo,2,184,217,2,1,3,879,879,12,0,335,245,306,238,395,287,361,294,347,285,417,304,367,291,344,279,419,316,3,2,2,40,23,77,35,98,34,66,40,82,45,77,40,19,15,30,1,1,58,3,2,74,57,1,53,2,8,29,46,14,0,0,200,0,0,0,0,0,0,0,1,550,.220,15,0,11,17,102,3,0,0,0,0,0,0,0,0,0,0,0,0,0,0,0,0,0,0,0,0,0,64,134,63,185,97,115,1,.8163,1,1,0,0,0,0,0,0,0,0,0,0,0,3,0,0,0,0,0,0,0,0,0,0,0,0,53,,,,,2,eol
419,0,0,-,,Yasukawa,Takayoshi,,6,10,3,1921,98,Japan,24629,Fuchu,2,179,193,3,2,7,754,1570,12,3,339,347,194,400,427,234,325,325,181,372,414,222,323,340,208,408,420,240,6,2,0,162,126,179,194,193,148,161,15,153,14,159,20,15,15,30,1,1,41,2,3,103,71,75,6,1,7,131,72,111,0,0,87,0,0,0,192,197,134,0,1,550,.190,15,2,3,43,99,6,0,0,0,0,0,0,0,0,0,0,0,0,0,0,0,0,0,0,0,0,0,64,113,182,114,85,69,1,1.0750,1,5,0,0,0,0,0,0,0,0,0,0,0,3,0,0,0,0,0,0,0,0,0,0,0,0,50,,,,,1,eol
790,0,0,-,,Kasai,Hirohisa,,26,10,4,1920,98,Japan,73567,Shimodate,2,183,207,1,1,3,535,739,11,0,315,275,383,389,406,224,306,250,361,363,395,216,312,256,378,400,399,244,6,0,0,9,9,13,3,94,27,96,37,99,37,85,31,18,15,30,1,1,39,5,4,72,29,54,19,4,2,33,47,79,0,0,200,0,0,0,0,0,0,0,1,550,.196,11,0,13,40,111,6,0,0,0,0,0,0,0,0,0,0,0,0,0,0,0,0,0,0,0,0,0,126,137,3,22,101,39,3,.9756,1,10,0,0,0,0,0,0,0,0,0,0,0,3,0,0,0,0,0,0,0,0,0,0,0,0,52,,,,,4,eol
722,0,0,-,,Otsuji,Ryujiro,,18,30,8,1916,98,Japan,88034,Yokohama,2,183,203,2,2,7,1207,1207,15,0,334,216,212,321,374,306,361,258,249,368,399,322,342,241,249,401,410,295,5,1,2,53,20,64,71,121,49,77,23,71,22,77,27,18,15,30,1,1,62,5,3,28,26,13,6,4,3,46,91,73,0,0,114,0,0,0,199,0,0,0,1,550,.214,12,0,6,36,114,5,0,0,0,0,0,0,0,0,0,0,0,0,0,0,0,0,0,0,0,0,0,190,16,106,39,93,35,6,1.0750,6,17,0,0,0,0,0,0,0,0,0,0,0,17,0,0,0,0,0,0,0,0,0,0,0,0,49,,,,,4,eol
1020,0,0,-,,Yamane,Makito,,13,2,9,1921,98,Japan,30449,Hamamatsu,2,182,201,1,1,5,563,866,12,0,303,294,329,383,418,177,294,277,310,358,406,172,305,279,314,370,406,202,7,2,1,116,29,137,164,95,54,71,35,77,36,77,44,19,15,30,1,1,47,2,3,93,91,154,84,9,10,76,88,136,0,0,0,108,200,122,123,0,0,0,1,550,.184,11,1,10,39,104,7,0,0,0,0,0,0,0,0,0,0,0,0,0,0,0,0,0,0,0,0,0,98,118,49,50,86,16,1,.9302,1,3,0,0,0,0,0,0,0,0,0,0,0,3,0,0,0,0,0,0,0,0,0,0,0,0,46,,,,,9,eol
602,0,0,-,,Sato,Masamitsu,,13,18,2,1918,98,Japan,4423,Ashiya,2,180,202,1,1,3,1075,1101,14,0,306,232,381,415,331,294,295,212,349,386,320,279,311,224,361,407,335,308,3,0,0,27,9,13,43,100,20,71,61,77,63,77,53,18,15,30,1,1,53,2,3,67,61,26,16,9,8,60,54,42,0,0,200,0,0,0,0,0,0,0,1,550,.191,8,0,12,48,160,3,0,0,0,0,0,0,0,0,0,0,0,0,0,0,0,0,0,0,0,0,0,58,190,92,200,119,63,1,.9302,1,8,0,0,0,0,0,0,0,0,0,0,0,3,0,0,0,0,0,0,0,0,0,0,0,0,53,,,,,9,eol
237,0,0,-,,Higashi,Teruhito,,30,4,6,1923,98,Japan,46421,Machida,2,177,201,1,1,5,328,328,10,0,329,255,181,409,400,256,330,257,181,412,401,258,324,272,187,416,401,260,2,0,2,43,36,44,52,107,34,219,18,229,19,228,17,15,15,30,1,1,35,3,3,102,102,142,95,1,4,64,65,129,0,0,0,0,200,185,0,32,0,0,1,550,.194,12,0,3,55,109,2,0,0,0,0,0,0,0,0,0,0,0,0,0,0,0,0,0,0,0,0,0,18,54,96,15,50,74,1,.9302,1,2,0,0,0,0,0,0,0,0,0,0,0,3,0,0,0,0,0,0,0,0,0,0,0,0,52,,,,,1,eol
966,0,0,-,,Tanouye,Kihachi,,31,28,3,1924,98,Japan,58293,Oita,2,180,188,1,1,6,480,748,9,2,256,260,398,398,341,151,253,249,389,389,337,149,243,256,392,409,331,153,4,2,0,18,53,25,1,105,2,70,29,91,33,77,27,19,15,30,1,1,44,2,1,153,136,69,126,1,11,62,91,32,0,0,0,178,0,200,0,0,0,0,1,550,.167,8,0,14,47,150,4,0,0,0,0,0,0,0,0,0,0,0,0,0,0,0,0,0,0,0,0,0,34,111,15,40,98,77,1,1.1295,1,8,0,0,0,0,0,0,0,0,0,0,0,3,0,0,0,0,0,0,0,0,0,0,0,0,46,,,,,1,eol
239,0,0,-,,Ogino,Yuji,,18,25,9,1920,98,Japan,58293,Oita,2,181,198,1,1,7,821,1063,12,3,344,276,212,409,448,240,337,265,204,398,441,234,341,275,218,421,435,241,4,0,2,101,99,134,100,107,65,113,75,140,81,133,83,15,15,30,1,1,49,5,2,14,17,32,9,10,3,63,118,72,0,0,2,0,0,0,195,0,150,0,1,550,.201,12,1,4,50,84,4,0,0,0,0,0,0,0,0,0,0,0,0,0,0,0,0,0,0,0,0,0,102,150,92,59,98,99,2,.8163,1,6,0,0,0,0,0,0,0,0,0,0,0,3,0,0,0,0,0,0,0,0,0,0,0,0,57,,,,,10,eol
953,0,0,-,,Katayama,Hiromi,,14,18,10,1922,98,Japan,57019,Okegawa,2,179,199,2,1,5,175,175,9,0,323,334,213,251,410,238,347,386,250,298,434,260,345,383,282,384,425,276,3,1,2,155,99,142,187,117,101,75,4,81,4,77,7,19,15,30,1,1,40,4,3,79,155,87,123,1,3,33,82,50,0,0,0,196,153,162,0,0,0,0,1,550,.205,19,3,6,18,93,3,0,0,0,0,0,0,0,0,0,0,0,0,0,0,0,0,0,0,0,0,0,35,128,101,168,129,88,1,.9302,1,1,0,0,0,0,0,0,0,0,0,0,0,3,0,0,0,0,0,0,0,0,0,0,0,0,46,,,,,1,eol
206,0,0,-,,Nakashima,Naomichi,,16,15,6,1920,98,Japan,78007,Tahara,2,179,205,1,1,4,778,984,13,2,369,314,222,386,442,293,356,290,206,364,430,283,356,309,213,393,437,285,6,1,0,73,65,47,93,118,50,62,64,68,66,77,65,15,15,30,1,1,60,4,3,53,125,69,113,1,9,65,134,63,0,0,93,158,89,77,137,62,0,0,1,550,.212,16,1,5,40,90,6,0,0,0,0,0,0,0,0,0,0,0,0,0,0,0,0,0,0,0,0,0,118,89,132,14,99,79,1,.9302,1,4,0,0,0,0,0,0,0,0,0,0,0,3,0,0,0,0,0,0,0,0,0,0,0,0,50,,,,,1,eol
1177,0,0,-,,Iba,Akiharu,,38,18,1,1924,98,Japan,24613,Fuji,2,181,202,1,1,4,0,0,6,0,350,397,208,270,422,298,343,382,202,255,416,291,377,395,204,393,452,298,7,1,1,117,95,136,123,92,38,167,75,172,77,165,85,15,15,30,1,1,40,3,3,111,85,69,116,1,10,51,91,38,0,0,152,200,0,0,0,0,0,0,1,550,.210,21,3,4,15,99,7,0,0,0,0,0,0,0,0,0,0,0,0,0,0,0,0,0,0,0,0,0,62,123,60,13,92,80,1,.9302,1,3,0,0,0,0,0,0,0,0,0,0,0,3,0,0,0,0,0,0,0,0,0,0,0,0,56,,,,,1,eol
620,0,0,-,,Toyama,Tsuneyoshi,,15,18,9,1916,98,Japan,78729,Tateyama,2,181,200,1,1,4,1409,1749,17,0,330,411,298,363,421,248,320,387,275,342,410,239,326,394,268,373,409,256,1,0,2,10,29,12,4,111,59,68,72,84,78,77,61,18,15,30,1,1,49,2,2,60,63,68,89,1,2,43,31,47,0,0,146,156,0,0,0,0,0,0,1,550,.200,22,0,8,34,102,1,0,0,0,0,0,0,0,0,0,0,0,0,0,0,0,0,0,0,0,0,0,85,136,198,117,137,180,1,.8163,1,3,0,0,0,0,0,0,0,0,0,0,0,3,0,0,0,0,0,0,0,0,0,0,0,0,50,,,,,1,eol
840,0,0,-,,Sato,Shigeru,,13,16,6,1922,98,Japan,30449,Hamamatsu,2,182,202,1,1,3,548,820,11,0,292,284,397,368,336,261,289,272,386,356,332,254,297,303,404,375,342,271,3,1,0,15,52,8,2,90,46,70,77,76,79,77,93,19,15,30,1,1,40,2,3,80,39,37,2,5,4,4,45,12,0,0,200,0,0,0,0,0,0,0,1,550,.190,12,0,14,37,153,3,0,0,0,0,0,0,0,0,0,0,0,0,0,0,0,0,0,0,0,0,0,145,100,108,98,98,60,1,.9302,1,3,0,0,0,0,0,0,0,0,0,0,0,3,0,0,0,0,0,0,0,0,0,0,0,0,52,,,,,5,eol
645,0,0,-,,Kawaguchi,Tsugio,,25,21,5,1921,98,Japan,33320,Iwatsuki,2,183,197,1,1,3,546,546,10,0,336,249,251,389,402,270,325,228,233,364,393,259,328,232,236,385,398,276,6,1,0,119,28,150,152,76,48,113,47,122,48,118,53,18,15,30,1,1,37,2,3,66,116,51,129,1,1,103,106,26,0,0,160,158,0,0,0,0,0,0,1,550,.198,8,2,6,40,112,6,0,0,0,0,0,0,0,0,0,0,0,0,0,0,0,0,0,0,0,0,0,46,102,94,155,36,134,1,.9302,1,1,0,0,0,0,0,0,0,0,0,0,0,3,0,0,0,0,0,0,0,0,0,0,0,0,53,,,,,1,eol
362,0,0,-,,Ito,Takeshi,,10,20,1,1914,98,Japan,28521,Ginan,2,175,175,1,1,12,2550,2691,19,1,213,272,185,99,234,169,209,251,180,86,227,165,209,246,176,173,242,168,3,0,0,3,7,6,2,75,1,383,404,395,412,398,403,7,3,0,53,96,51,10,3,35,64,65,19,1,4,12,29,22,200,0,0,0,0,0,0,0,0,0,1,550,.273,0,0,16,48,107,7,0,0,0,0,0,0,0,0,0,0,0,0,0,0,0,0,0,0,0,0,0,122,85,113,53,127,85,390,.9995,415,403,0,0,402,0,0,0,0,0,0,0,0,412,0,0,415,0,0,0,0,0,0,0,0,0,90,,,,,1,eol
475,0,0,-,,Inaba,Yoshimasa,,5,20,9,1918,98,Japan,30952,Hatogaya,2,170,181,3,1,12,1630,1813,14,2,202,260,125,227,221,149,202,257,125,225,221,149,198,260,139,279,236,148,1,0,0,13,3,3,26,147,1,385,399,383,400,395,401,5,4,1,15,73,63,11,4,35,52,143,89,1,10,22,68,40,200,0,0,0,0,0,0,0,0,0,1,550,.276,0,0,14,50,97,5,0,0,0,0,0,0,0,0,0,0,0,0,0,0,0,0,0,0,0,0,0,97,26,123,91,122,119,349,1.0021,390,314,0,0,348,0,0,0,0,0,0,0,0,367,0,0,404,0,0,0,0,0,0,0,0,0,89,,,,,1,eol
199,0,0,-,,Nakamoto,Tamon,,27,2,4,1920,98,Japan,46421,Machida,2,191,204,2,2,9,780,868,13,2,274,285,349,392,362,125,284,309,381,426,380,129,274,303,375,426,375,143,3,2,1,59,46,99,55,109,65,149,62,143,60,147,59,15,15,30,1,1,43,3,3,56,43,87,6,6,7,101,119,153,0,0,0,0,0,0,59,87,200,0,1,550,.163,11,0,13,59,125,3,0,0,0,0,0,0,0,0,0,0,0,0,0,0,0,0,0,0,0,0,0,114,104,174,73,104,98,1,1.0750,1,4,0,0,0,0,0,0,0,0,0,0,0,3,0,0,0,0,0,0,0,0,0,0,0,0,58,,,,,6,eol
695,0,0,-,,Hatanaka,Genbe,,27,4,9,1921,98,Japan,95602,Seiyo,2,173,191,1,1,5,559,744,12,0,313,387,322,341,408,224,312,385,320,339,407,224,312,383,328,389,407,222,3,1,0,54,61,94,40,104,51,98,89,106,91,106,87,18,15,30,1,1,41,3,3,73,117,99,111,1,2,3,82,68,0,0,0,137,196,178,0,0,0,0,1,550,.197,21,1,11,32,105,3,0,0,0,0,0,0,0,0,0,0,0,0,0,0,0,0,0,0,0,0,0,15,154,84,173,74,82,1,.9302,1,5,0,0,0,0,0,0,0,0,0,0,0,3,0,0,0,0,0,0,0,0,0,0,0,0,51,,,,,1,eol
949,0,0,-,,Tajima,Gaku,,24,17,10,1923,98,Japan,53844,Nagoya,2,179,196,2,2,7,694,971,8,3,245,350,394,372,324,175,249,364,406,388,329,178,270,368,408,385,328,213,8,0,0,80,117,73,68,157,106,89,31,72,28,77,29,19,15,30,1,1,59,3,2,1,11,70,1,1,7,93,112,108,0,0,0,0,0,0,139,128,199,0,1,550,.172,14,1,15,45,156,8,0,0,0,0,0,0,0,0,0,0,0,0,0,0,0,0,0,0,0,0,0,93,82,101,91,158,86,1,1.2250,1,3,0,0,0,0,0,0,0,0,0,0,0,3,0,0,0,0,0,0,0,0,0,0,0,0,51,,,,,1,eol
58,0,0,-,,Nakamura,Hisakazu,Liz,23,23,4,1917,98,Japan,24526,Furukawa,2,180,196,1,1,3,1061,1061,15,1,358,300,114,380,421,289,351,288,114,366,414,284,350,308,116,415,424,288,6,0,2,58,64,58,65,112,47,72,17,78,17,77,13,15,15,30,1,1,58,2,3,78,97,61,103,1,1,50,110,28,0,0,200,123,0,0,0,0,0,0,1,550,.202,15,0,1,40,100,6,0,0,0,0,0,0,0,0,0,0,0,0,0,0,0,0,0,0,0,0,0,10,108,104,104,91,127,1,.9302,1,7,0,0,0,0,0,0,0,0,0,0,0,3,0,0,0,0,0,0,0,0,0,0,0,0,51,,,,,1,eol
846,0,0,-,,Tanimoto,Takashi,Country Boy,27,28,8,1923,98,Japan,77661,Tokyo,2,186,201,2,1,4,488,899,9,3,329,266,246,247,414,247,349,306,288,282,432,266,336,315,287,315,421,261,3,0,2,100,51,138,109,58,25,79,28,85,29,77,29,19,15,30,1,1,44,3,3,114,148,94,93,1,2,65,60,61,0,0,0,190,157,16,0,0,0,0,1,550,.209,14,2,8,17,93,3,0,0,0,0,0,0,0,0,0,0,0,0,0,0,0,0,0,0,0,0,0,169,133,80,52,108,71,1,.9302,1,1,0,0,0,0,0,0,0,0,0,0,0,3,0,0,0,0,0,0,0,0,0,0,0,0,44,,,,,1,eol
168,0,0,-,,Okamoto,Katsura,,38,26,3,1914,98,Japan,24601,Fujiyoshida,2,192,206,2,1,12,2522,2785,19,3,182,156,105,301,234,102,189,163,122,317,244,111,261,165,144,366,325,202,2,1,2,58,28,34,93,53,1,365,418,420,442,411,434,5,2,1,49,61,60,8,3,34,56,138,11,8,6,98,124,2,200,0,0,0,0,0,0,0,0,0,1,550,.280,0,0,13,42,81,5,0,0,0,0,0,0,0,0,0,0,0,0,0,0,0,0,0,0,0,0,0,4,107,102,181,124,91,291,1.0017,381,0,275,0,0,0,273,0,0,0,0,0,0,0,410,0,0,0,412,0,0,0,0,0,0,0,97,,,,,8,eol
219,0,0,-,,Funakoshi,Tsunemi,,12,1,6,1918,98,Japan,88035,Yokosuka,2,175,182,1,2,3,1068,1235,15,2,399,319,116,250,374,405,385,304,116,230,363,396,398,303,116,237,373,407,1,1,2,4,1,3,9,106,2,262,250,248,239,249,242,7,3,0,34,113,55,3,4,17,16,126,6,1,4,1,15,2,0,0,160,0,0,0,0,0,0,0,1,550,.230,19,0,1,13,132,1,0,0,0,0,0,0,0,0,0,0,0,0,0,0,0,0,0,0,0,0,0,149,67,129,7,6,50,213,1.0308,218,285,0,0,0,284,295,293,0,0,0,0,0,302,0,0,0,302,297,303,0,0,0,0,0,0,66,,,,,1,eol
472,0,0,-,,Takenaka,Junki,,24,13,4,1917,98,Japan,35972,Konosu,2,182,202,1,1,6,1149,1518,14,3,337,253,135,373,420,242,336,251,135,368,419,240,329,275,136,418,420,260,4,2,0,106,33,174,124,115,33,102,17,111,18,112,18,15,15,30,1,1,47,4,3,121,106,102,117,1,7,91,88,96,0,0,118,200,180,200,0,0,0,0,1,550,.191,10,1,1,40,98,4,0,0,0,0,0,0,0,0,0,0,0,0,0,0,0,0,0,0,0,0,0,16,152,4,160,126,120,1,.9302,1,1,0,0,0,0,0,0,0,0,0,0,0,3,0,0,0,0,0,0,0,0,0,0,0,0,47,,,,,1,eol
772,0,0,-,,Perez,Hector,,17,8,7,1925,56,Dominican Republic,70516,San Pedro de Macors,1,186,205,2,2,3,54,306,7,2,356,228,116,270,388,334,383,272,116,305,410,354,403,268,116,302,420,349,3,0,0,40,35,45,43,95,53,148,4,106,4,121,11,18,15,30,1,1,36,2,2,128,105,62,6,2,3,81,108,127,0,0,30,0,0,0,154,0,194,0,1,550,.223,15,0,1,20,106,3,0,0,0,0,0,0,0,0,0,0,0,0,0,0,0,0,0,0,0,0,0,194,87,97,117,107,113,1,1.2250,1,3,0,0,0,0,0,0,0,0,0,0,0,3,0,0,0,0,0,0,0,0,0,0,0,0,46,,,,,2,eol
828,0,0,-,,Kitano,Tetsunosuke,,5,3,7,1919,98,Japan,18394,Chofu,2,185,209,1,1,3,715,715,12,0,338,301,234,349,403,278,329,289,222,337,394,270,330,298,237,377,399,280,8,2,0,32,30,30,36,99,41,69,49,75,51,77,71,18,15,30,1,1,47,3,3,44,77,65,13,41,80,56,92,64,0,124,183,0,0,0,0,0,0,0,1,550,.200,15,0,6,32,111,8,0,0,0,0,0,0,0,0,0,0,0,0,0,0,0,0,0,0,0,0,0,66,98,109,139,103,122,1,.9302,1,1,0,0,0,0,0,0,0,0,0,0,0,3,0,0,0,0,0,0,0,0,0,0,0,0,50,,,,,42,eol
319,0,0,-,,Nakashima,Shigeyoshi,,7,8,6,1921,98,Japan,26517,Gyoda,2,185,208,1,1,2,342,384,10,1,309,260,228,409,417,199,303,245,214,395,409,195,313,246,213,402,412,215,10,1,2,61,37,61,79,183,66,112,43,121,44,109,33,15,15,30,1,1,44,2,3,35,24,109,15,75,149,34,41,110,0,200,0,0,0,0,0,0,0,0,1,550,.183,10,0,5,50,103,10,0,0,0,0,0,0,0,0,0,0,0,0,0,0,0,0,0,0,0,0,0,74,116,177,19,152,82,1,.9302,1,9,0,0,0,0,0,0,0,0,0,0,0,3,0,0,0,0,0,0,0,0,0,0,0,0,53,,,,,83,eol
994,0,0,-,,Beppu,Motohiko,,56,12,6,1920,98,Japan,32016,Hirosaki,2,182,197,1,1,4,697,888,12,0,309,310,415,342,372,234,300,289,394,323,361,222,295,310,406,367,364,232,3,2,1,75,52,111,68,4,7,76,71,78,72,77,66,19,15,30,1,1,54,3,4,90,120,96,64,1,9,62,39,89,0,0,158,190,144,139,0,5,0,0,1,550,.192,13,1,15,28,133,3,0,0,0,0,0,0,0,0,0,0,0,0,0,0,0,0,0,0,0,0,0,98,85,144,93,89,94,1,.9756,1,5,0,0,0,0,0,0,0,0,0,0,0,3,0,0,0,0,0,0,0,0,0,0,0,0,53,,,,,1,eol
1086,0,0,-,,Matsuda,Tsumemasa,,4,13,7,1922,98,Japan,38890,Kitakyushu,2,185,204,2,2,12,966,1490,11,3,46,187,213,231,97,21,61,220,250,277,113,24,66,213,240,268,127,21,1,2,0,1,2,2,1,112,3,342,409,336,396,342,393,5,3,1,17,102,71,10,3,29,20,111,1,1,3,53,13,20,200,0,0,0,0,0,0,0,0,0,1,550,.286,0,0,16,50,99,5,0,0,0,0,0,0,0,0,0,0,0,0,0,0,0,0,0,0,0,0,0,113,16,5,102,88,117,359,1.0029,369,0,0,385,0,316,0,0,0,0,0,0,0,0,0,396,0,346,0,0,0,0,0,0,0,0,73,,,,,1,eol
552,0,0,-,,Taira,Muneyuki,,19,12,7,1917,98,Japan,58280,Osakasayama,2,190,226,2,2,3,1082,1082,14,0,299,171,243,376,376,228,310,182,274,408,392,239,311,184,254,400,396,232,1,0,2,22,9,45,18,104,43,78,82,76,81,77,89,18,15,30,1,1,57,4,4,26,29,44,2,2,4,12,11,15,0,0,200,0,0,0,0,0,0,0,1,550,.191,5,0,8,50,117,1,0,0,0,0,0,0,0,0,0,0,0,0,0,0,0,0,0,0,0,0,0,103,107,168,111,88,114,6,1.0250,6,21,0,0,0,0,0,0,0,0,0,0,0,21,0,0,0,0,0,0,0,0,0,0,0,0,51,,,,,2,eol
1071,0,0,-,,Oyama,Akira,,50,23,1,1921,98,Japan,57289,Omagari,2,170,173,1,1,4,557,557,10,0,322,379,285,386,394,251,313,360,268,367,383,242,315,376,278,368,391,246,4,1,2,55,101,43,38,67,9,72,10,74,10,80,21,19,15,30,1,1,37,4,4,65,82,61,143,4,1,54,89,40,0,0,116,149,0,85,0,0,0,0,1,550,.193,19,1,8,41,119,4,0,0,0,0,0,0,0,0,0,0,0,0,0,0,0,0,0,0,0,0,0,127,88,17,51,99,87,1,.9756,1,4,0,0,0,0,0,0,0,0,0,0,0,3,0,0,0,0,0,0,0,0,0,0,0,0,45,,,,,4,eol
500,0,0,-,,Matsumoto,Kiyotaka,,39,5,7,1917,98,Japan,31763,Higashiosaka,2,184,200,3,1,5,1256,1638,15,3,348,240,191,387,424,253,337,223,178,363,413,243,348,250,188,394,431,257,5,0,0,38,39,37,37,182,57,174,44,184,45,176,33,15,15,30,1,1,35,2,3,103,117,101,83,2,6,66,123,150,0,0,3,0,200,199,0,0,0,0,1,550,.195,10,0,3,40,100,5,0,0,0,0,0,0,0,0,0,0,0,0,0,0,0,0,0,0,0,0,0,29,178,94,172,97,129,1,.9302,1,8,0,0,0,0,0,0,0,0,0,0,0,3,0,0,0,0,0,0,0,0,0,0,0,0,52,,,,,2,eol
467,0,0,-,,Ando,Toshimitsu,,19,8,12,1919,98,Japan,88098,Yoshii,2,181,199,2,2,9,931,1024,13,1,287,219,194,406,403,144,298,246,219,445,420,149,304,241,233,434,424,183,8,1,0,111,51,138,134,91,76,131,28,106,26,115,25,15,15,30,1,1,51,4,2,23,20,85,6,3,11,80,104,113,0,0,137,0,0,0,114,0,200,0,1,550,.170,8,1,5,67,100,8,0,0,0,0,0,0,0,0,0,0,0,0,0,0,0,0,0,0,0,0,0,136,94,1,84,84,17,4,1.2250,1,15,0,0,0,0,0,0,0,0,0,0,0,3,0,0,0,0,0,0,0,0,0,0,0,0,52,,,,,3,eol
214,0,0,-,,Yamamoto,Akihisa,,36,27,9,1921,98,Japan,53844,Nagoya,2,192,203,1,2,12,366,719,10,3,73,186,179,77,137,2,68,174,163,62,133,2,60,189,171,135,140,1,1,0,0,18,11,5,26,76,18,389,252,395,254,406,267,6,5,0,22,198,67,9,4,31,69,114,6,7,6,62,35,54,200,0,0,0,0,0,0,0,0,0,1,550,.270,0,0,12,82,110,6,0,0,0,0,0,0,0,0,0,0,0,0,0,0,0,0,0,0,0,0,0,114,88,102,102,93,150,400,1.0009,396,385,0,0,413,0,0,0,0,0,0,0,0,405,0,0,408,0,0,0,0,0,0,0,0,0,83,,,,,7,eol
766,0,0,-,,Goto,Yasunori,,12,1,10,1917,98,Japan,50227,Mihara,2,179,200,1,1,4,1058,1247,14,0,329,232,138,393,393,288,327,230,138,389,391,286,331,231,135,401,388,298,5,1,0,9,20,15,3,104,46,68,6,70,6,68,5,18,15,30,1,1,58,4,4,104,126,22,80,1,11,69,99,14,0,0,92,200,0,0,0,0,0,0,1,550,.196,10,0,1,46,115,5,0,0,0,0,0,0,0,0,0,0,0,0,0,0,0,0,0,0,0,0,0,138,81,22,16,43,33,1,.9756,1,1,0,0,0,0,0,0,0,0,0,0,0,3,0,0,0,0,0,0,0,0,0,0,0,0,49,,,,,1,eol
1041,0,0,-,,Nagamine,Katsunori,,33,22,7,1922,98,Japan,35966,Kobe,2,174,190,1,1,4,192,192,9,0,313,312,275,378,385,252,303,288,251,357,372,241,304,294,255,368,369,246,3,0,2,27,81,27,3,160,109,56,25,72,26,58,21,19,15,30,1,1,43,2,2,82,128,64,110,1,1,1,103,37,0,0,0,200,0,0,0,0,0,0,1,550,.189,14,0,7,38,126,3,0,0,0,0,0,0,0,0,0,0,0,0,0,0,0,0,0,0,0,0,0,77,115,85,198,135,113,2,.8163,1,12,0,0,0,0,0,0,0,0,0,0,0,3,0,0,0,0,0,0,0,0,0,0,0,0,44,,,,,1,eol
1014,0,0,-,,Shiotani,Akitada,,20,5,7,1921,98,Japan,36288,Kadoma,2,179,202,1,1,2,700,718,12,0,307,234,311,295,414,208,307,232,311,292,413,208,308,232,314,352,409,207,8,2,2,24,9,46,24,54,20,66,50,72,52,77,41,19,15,30,1,1,39,5,3,38,81,33,11,108,71,30,89,54,0,200,144,0,0,0,0,0,0,0,1,550,.194,9,0,10,19,102,8,0,0,0,0,0,0,0,0,0,0,0,0,0,0,0,0,0,0,0,0,0,59,106,91,138,56,146,1,.9302,1,3,0,0,0,0,0,0,0,0,0,0,0,3,0,0,0,0,0,0,0,0,0,0,0,0,45,,,,,105,eol
295,0,0,-,,Dobashi,Toru,,45,23,9,1921,98,Japan,82753,Utsunomiya,2,173,201,1,1,2,311,507,10,2,309,248,222,360,410,197,309,248,222,360,410,197,314,251,205,367,405,205,7,2,0,3,1,6,8,131,11,199,48,215,49,217,61,15,15,30,1,1,38,5,3,18,52,71,25,109,94,11,2,62,0,200,0,0,0,0,0,0,0,0,1,550,.183,10,0,5,38,103,7,0,0,0,0,0,0,0,0,0,0,0,0,0,0,0,0,0,0,0,0,0,45,167,15,194,148,104,1,.9302,1,3,0,0,0,0,0,0,0,0,0,0,0,3,0,0,0,0,0,0,0,0,0,0,0,0,56,,,,,107,eol
570,0,0,-,,Mishima,Kazumasa,,27,13,11,1918,98,Japan,88613,Yao,2,177,197,2,1,9,1253,1558,15,1,326,199,263,299,399,272,331,204,273,311,403,277,338,220,272,365,407,284,8,1,0,35,27,34,44,96,30,77,54,83,56,77,49,18,15,30,1,1,47,5,3,68,97,124,53,4,3,88,102,121,0,0,0,0,183,0,0,0,154,0,1,550,.206,8,0,8,22,108,8,0,0,0,0,0,0,0,0,0,0,0,0,0,0,0,0,0,0,0,0,0,89,79,11,56,90,98,1,.9302,1,1,0,0,0,0,0,0,0,0,0,0,0,3,0,0,0,0,0,0,0,0,0,0,0,0,47,,,,,4,eol
901,0,0,-,,Kashima,Mitsuru,,28,17,7,1919,98,Japan,4344,Asahikawa,2,179,187,1,2,8,1066,1208,14,0,297,376,237,355,374,185,297,374,237,353,373,185,286,368,240,408,375,186,9,1,1,108,99,110,118,173,141,85,30,79,29,77,25,19,15,30,1,1,45,3,3,119,86,86,6,1,1,113,143,122,0,0,0,0,0,0,188,175,190,0,1,550,.172,16,2,6,35,127,9,0,0,0,0,0,0,0,0,0,0,0,0,0,0,0,0,0,0,0,0,0,110,119,99,65,107,50,1,1.0750,1,1,0,0,0,0,0,0,0,0,0,0,0,3,0,0,0,0,0,0,0,0,0,0,0,0,43,,,,,1,eol
1046,0,0,-,,Hori,Kazuhiko,,4,12,12,1917,98,Japan,39355,Komatsushima,2,183,204,1,1,3,1424,1424,13,0,285,302,369,352,375,181,278,288,350,335,363,176,282,289,356,366,371,179,6,1,0,65,44,47,87,99,34,60,64,66,66,75,57,19,15,30,1,1,59,3,3,64,61,107,60,8,9,29,121,93,0,0,167,0,160,0,65,0,0,0,1,550,.177,12,0,12,31,132,6,0,0,0,0,0,0,0,0,0,0,0,0,0,0,0,0,0,0,0,0,0,46,127,116,108,96,156,1,.9302,1,1,0,0,0,0,0,0,0,0,0,0,0,3,0,0,0,0,0,0,0,0,0,0,0,0,51,,,,,8,eol
1060,0,0,-,,Machida,Toshitaka,,35,28,11,1918,98,Japan,80481,Tomakomai,2,184,203,1,2,12,1194,1485,15,1,97,193,125,96,104,84,96,191,125,93,104,82,121,189,130,210,130,95,1,2,1,11,9,6,20,68,1,310,402,281,378,315,387,9,3,2,54,192,59,10,2,8,16,85,6,1,7,10,16,11,200,0,0,0,0,0,0,0,0,0,1,550,.291,0,0,23,54,100,9,0,0,0,0,0,0,0,0,0,0,0,0,0,0,0,0,0,0,0,0,0,84,122,78,98,119,119,360,1.0013,371,363,0,0,0,0,0,0,0,0,366,0,0,377,0,0,0,0,0,0,0,0,386,0,0,0,79,,,,,3,eol
640,0,0,-,,Hirai,Tameo,,43,14,7,1921,98,Japan,35971,Konan,2,177,201,2,2,3,199,483,10,0,287,238,315,327,378,177,296,260,335,346,391,184,314,267,339,378,392,241,2,0,1,44,27,53,52,96,44,88,80,73,79,77,73,18,15,30,1,1,38,5,4,56,85,16,6,2,2,24,19,33,0,0,200,0,0,0,0,68,0,0,1,550,.182,10,0,11,32,117,2,0,0,0,0,0,0,0,0,0,0,0,0,0,0,0,0,0,0,0,0,0,164,7,131,30,101,7,10,1.0250,10,28,0,0,0,0,0,0,0,0,0,0,0,27,0,0,0,0,0,0,0,0,0,0,0,0,53,,,,,2,eol
1090,0,0,-,,Sakuma,Sueki,,19,10,9,1919,98,Japan,77661,Tokyo,2,180,202,2,1,3,1073,1224,14,0,305,222,193,310,353,265,325,256,219,344,375,288,318,246,216,344,375,283,2,2,2,86,53,124,89,103,77,67,61,73,63,68,61,19,15,30,1,1,52,4,3,17,64,53,11,6,11,107,39,40,0,0,200,0,0,0,0,98,0,0,1,550,.194,10,1,5,30,129,2,0,0,0,0,0,0,0,0,0,0,0,0,0,0,0,0,0,0,0,0,0,101,112,58,9,44,56,3,.9302,1,11,0,0,0,0,0,0,0,0,0,0,0,3,0,0,0,0,0,0,0,0,0,0,0,0,56,,,,,6,eol
1066,0,0,-,,Mizoguchi,Norbert,,29,17,1,1917,98,Japan,58298,Ogaki,2,185,200,1,1,5,1074,1189,14,0,281,369,302,367,391,149,279,364,297,362,390,147,301,374,295,391,394,207,2,0,1,137,25,155,200,112,56,93,53,96,54,95,55,19,15,30,1,1,40,5,4,91,127,86,94,10,6,57,108,59,0,0,0,187,133,0,0,0,0,0,1,550,.171,15,1,9,38,116,2,0,0,0,0,0,0,0,0,0,0,0,0,0,0,0,0,0,0,0,0,0,130,130,98,66,124,79,1,.9756,1,4,0,0,0,0,0,0,0,0,0,0,0,3,0,0,0,0,0,0,0,0,0,0,0,0,49,,,,,10,eol
1052,0,0,-,,Kondo,Noboyuki,,3,28,11,1922,98,Japan,53818,Nagareyama,2,179,198,1,1,8,527,635,11,0,308,236,348,302,378,259,298,220,328,276,364,247,305,236,337,321,373,251,3,1,0,41,31,9,60,99,55,68,6,84,8,77,1,19,15,30,1,1,47,3,2,74,99,126,42,7,1,110,99,121,0,0,162,0,158,0,0,110,0,0,1,550,.194,9,0,11,18,131,3,0,0,0,0,0,0,0,0,0,0,0,0,0,0,0,0,0,0,0,0,0,155,76,32,7,7,53,3,.8163,1,16,0,0,0,0,0,0,0,0,0,0,0,3,0,0,0,0,0,0,0,0,0,0,0,0,41,,,,,7,eol
1038,0,0,-,,Takata,Tokinari,,19,28,9,1922,98,Japan,78074,Takamatsu,2,179,200,1,1,2,519,687,11,0,260,192,301,394,316,203,256,186,294,384,311,201,253,216,295,414,321,197,2,1,1,14,30,19,4,105,37,88,52,90,53,92,46,19,15,30,1,1,37,2,4,22,52,56,16,117,108,1,65,60,0,200,0,0,0,0,0,0,0,0,1,550,.165,5,0,9,45,167,2,0,0,0,0,0,0,0,0,0,0,0,0,0,0,0,0,0,0,0,0,0,120,101,39,126,89,93,1,.9756,1,1,0,0,0,0,0,0,0,0,0,0,0,3,0,0,0,0,0,0,0,0,0,0,0,0,51,,,,,119,eol
889,0,0,-,,Arai,Kaoru,,18,19,12,1922,98,Japan,22644,Ebetsu,2,177,200,1,1,2,557,557,10,0,289,282,359,333,413,127,280,261,346,321,405,117,295,246,350,347,403,147,10,1,2,9,21,7,8,115,9,66,89,72,91,70,85,19,15,30,1,1,50,3,3,15,39,78,21,109,110,25,38,85,0,200,0,0,0,0,0,0,0,0,1,550,.164,9,0,12,27,105,10,0,0,0,0,0,0,0,0,0,0,0,0,0,0,0,0,0,0,0,0,0,135,109,98,47,139,82,1,.9302,1,1,0,0,0,0,0,0,0,0,0,0,0,3,0,0,0,0,0,0,0,0,0,0,0,0,56,,,,,101,eol
989,0,0,-,,Suzuki,Hidetoshi,,5,7,5,1920,98,Japan,32017,Hiroshima,2,178,199,1,1,2,714,714,12,0,300,233,185,405,389,191,290,216,165,376,373,184,286,217,167,375,381,183,6,2,0,4,2,25,2,98,34,98,42,101,42,98,45,19,15,30,1,1,36,3,4,29,59,45,11,143,80,4,45,45,0,200,0,0,8,0,0,0,0,0,1,550,.168,8,0,3,45,124,6,0,0,0,0,0,0,0,0,0,0,0,0,0,0,0,0,0,0,0,0,0,139,86,68,116,83,105,1,.9756,1,1,0,0,0,0,0,0,0,0,0,0,0,3,0,0,0,0,0,0,0,0,0,0,0,0,46,,,,,149,eol
743,0,0,-,,Ota,Hiroshi,,3,2,8,1919,98,Japan,88613,Yao,2,185,200,1,1,5,881,946,12,0,309,217,213,331,399,219,305,208,208,322,394,213,318,213,204,343,408,232,4,0,0,12,5,7,17,84,35,85,37,106,40,100,37,18,15,30,1,1,39,4,2,120,88,147,127,1,1,87,103,137,0,0,0,101,200,166,0,71,0,0,1,550,.183,8,0,5,27,113,4,0,0,0,0,0,0,0,0,0,0,0,0,0,0,0,0,0,0,0,0,0,96,114,54,6,46,62,1,.8163,1,4,0,0,0,0,0,0,0,0,0,0,0,3,0,0,0,0,0,0,0,0,0,0,0,0,50,,,,,1,eol
374,0,0,-,,Tomita,Wataru,,2,8,11,1926,98,Japan,33997,Ichinomiya,2,184,191,3,2,9,46,46,7,0,349,308,124,264,393,316,334,283,124,244,379,306,375,313,140,389,467,315,3,1,0,68,116,33,68,114,98,82,30,76,29,77,37,15,15,30,1,10,59,3,3,128,87,47,6,1,1,141,101,107,0,0,0,0,0,0,164,186,200,0,1,550,.200,15,1,1,14,121,3,0,0,0,0,0,0,0,0,0,0,0,0,0,0,0,0,0,0,0,0,0,92,122,35,57,170,66,1,1.0750,1,1,0,0,0,0,0,0,0,0,0,0,0,3,0,0,0,0,0,0,0,0,0,0,0,0,50,,,,,1,eol
968,0,0,-,,Takehara,Shuichi,,26,14,7,1921,98,Japan,24592,Fukuoka,2,179,201,1,1,6,824,1332,11,3,321,197,116,242,435,214,317,191,116,231,428,212,323,204,116,289,429,208,5,0,1,117,66,128,143,101,15,74,28,80,29,77,36,19,15,30,1,1,48,4,3,148,147,129,149,1,1,127,148,107,0,0,0,87,180,200,0,0,89,0,1,550,.186,6,1,1,13,91,5,0,0,0,0,0,0,0,0,0,0,0,0,0,0,0,0,0,0,0,0,0,160,37,29,25,75,33,1,.9302,1,6,0,0,0,0,0,0,0,0,0,0,0,3,0,0,0,0,0,0,0,0,0,0,0,0,46,,,,,1,eol
675,0,0,-,,Iwata,Jolbert,,23,1,1,1925,98,Japan,39345,Komaki,2,180,199,3,1,9,208,237,8,0,285,257,184,327,325,244,295,287,198,350,338,257,286,284,211,344,337,251,12,2,2,42,107,50,4,121,72,89,24,96,25,92,23,18,15,30,1,1,40,3,3,67,72,82,87,1,8,122,150,121,0,0,0,144,0,0,120,191,195,0,1,550,.176,12,0,4,33,152,12,0,0,0,0,0,0,0,0,0,0,0,0,0,0,0,0,0,0,0,0,0,98,159,16,140,146,130,1,.9302,1,8,0,0,0,0,0,0,0,0,0,0,0,3,0,0,0,0,0,0,0,0,0,0,0,0,45,,,,,1,eol
564,0,0,-,,Mitani,Yasuhiko,,5,9,12,1925,98,Japan,77661,Tokyo,2,181,200,1,1,2,32,53,8,0,227,282,362,404,319,135,215,257,339,379,311,119,257,265,350,422,354,148,5,0,2,43,2,39,70,105,2,77,38,83,39,77,35,18,15,30,1,1,42,4,3,32,66,53,25,157,77,36,19,52,0,171,0,0,0,0,0,0,0,0,1,550,.145,8,0,12,45,166,5,0,0,0,0,0,0,0,0,0,0,0,0,0,0,0,0,0,0,0,0,0,79,75,71,38,122,64,1,.9302,1,1,0,0,0,0,0,0,0,0,0,0,0,3,0,0,0,0,0,0,0,0,0,0,0,0,45,,,,,150,eol
765,0,0,-,,Tagami,Takenao,,35,17,5,1925,98,Japan,53949,Nakatsu,2,187,205,1,1,3,24,24,8,0,359,291,278,168,430,258,352,279,263,164,424,251,351,279,268,176,434,271,3,2,1,9,12,10,8,102,33,79,34,85,35,77,31,18,15,30,1,1,52,3,3,84,54,22,2,11,8,91,4,84,0,0,200,0,0,0,0,0,0,0,1,550,.206,14,0,8,6,94,3,0,0,0,0,0,0,0,0,0,0,0,0,0,0,0,0,0,0,0,0,0,35,100,100,155,76,52,1,.9302,1,7,0,0,0,0,0,0,0,0,0,0,0,3,0,0,0,0,0,0,0,0,0,0,0,0,52,,,,,11,eol
8,0,0,-,,Sato,Yasutomo,,9,4,3,1917,98,Japan,88034,Yokohama,2,179,180,2,1,12,959,1058,14,3,88,194,116,278,126,30,106,214,116,309,141,36,91,232,116,313,138,36,2,1,1,15,3,4,31,122,11,331,344,340,347,341,345,7,3,1,26,191,47,11,3,22,17,109,17,1,8,23,14,69,200,0,0,0,0,0,0,0,0,0,1,550,.281,0,0,24,63,108,7,0,0,0,0,0,0,0,0,0,0,0,0,0,0,0,0,0,0,0,0,0,43,107,68,141,20,60,395,.9981,407,360,0,383,0,0,376,0,0,0,0,0,0,376,0,395,0,0,403,0,0,0,0,0,0,0,92,,,,,1,eol
1293,0,0,-,,Takatani,Tokuzo,,19,19,9,1926,98,Japan,30171,Hachioji,2,181,194,2,1,5,0,0,5,0,247,242,309,333,267,237,253,260,322,348,276,245,311,260,319,366,395,236,10,0,0,98,93,114,97,100,42,73,30,75,30,77,29,15,15,30,1,1,56,5,4,55,103,157,102,1,6,44,108,124,0,0,0,91,166,0,0,0,0,0,1,550,.170,9,1,10,33,182,10,0,0,0,0,0,0,0,0,0,0,0,0,0,0,0,0,0,0,0,0,0,114,88,113,111,60,47,1,.9756,1,1,0,0,0,0,0,0,0,0,0,0,0,3,0,0,0,0,0,0,0,0,0,0,0,0,50,,,,,1,eol
703,0,0,-,,Murakami,Mochihito,,17,28,12,1921,98,Japan,40738,Kyotanabe,2,188,209,1,1,8,770,1102,12,2,312,241,252,368,395,171,309,234,248,361,391,169,297,246,249,359,403,181,7,2,1,41,44,2,59,92,47,111,53,120,54,118,51,18,15,30,1,1,41,4,3,37,33,56,17,3,7,95,111,124,0,0,142,0,0,0,156,118,158,0,1,550,.174,9,0,7,38,115,7,0,0,0,0,0,0,0,0,0,0,0,0,0,0,0,0,0,0,0,0,0,90,80,110,110,84,86,1,.9302,1,6,0,0,0,0,0,0,0,0,0,0,0,3,0,0,0,0,0,0,0,0,0,0,0,0,49,,,,,3,eol
865,0,0,-,,Fukuda,Masahiro,,7,23,3,1923,98,Japan,48913,Matsudo,2,189,217,1,1,3,350,352,9,0,281,274,385,352,364,155,274,254,362,334,353,151,264,256,378,368,360,153,4,0,0,85,53,95,100,109,72,65,59,71,60,65,53,19,15,30,1,1,42,4,3,29,77,60,22,6,4,15,57,63,0,0,200,0,0,0,0,0,0,0,1,550,.170,9,1,13,31,138,4,0,0,0,0,0,0,0,0,0,0,0,0,0,0,0,0,0,0,0,0,0,116,140,85,58,130,150,1,.9302,1,4,0,0,0,0,0,0,0,0,0,0,0,3,0,0,0,0,0,0,0,0,0,0,0,0,49,,,,,6,eol
995,0,0,-,,Yamazaki,Naota,,53,8,7,1920,98,Japan,48912,Matsubushi,2,187,208,2,1,9,899,952,12,0,315,106,206,289,366,226,337,146,246,324,388,246,353,170,254,379,418,305,1,1,0,35,40,12,44,100,64,103,82,111,84,118,91,19,15,30,1,1,39,2,3,58,102,162,48,5,6,72,96,124,0,0,163,0,177,0,85,0,109,0,1,550,.189,3,0,6,25,121,1,0,0,0,0,0,0,0,0,0,0,0,0,0,0,0,0,0,0,0,0,0,103,73,113,5,153,67,1,.9302,1,3,0,0,0,0,0,0,0,0,0,0,0,3,0,0,0,0,0,0,0,0,0,0,0,0,53,,,,,5,eol
824,0,0,-,,Kuramoto,Ryuki,,4,9,11,1926,98,Japan,88032,Yokkaichi,2,188,199,1,1,9,0,0,6,0,344,264,205,231,373,330,334,246,194,219,363,323,374,255,251,325,430,320,3,2,1,20,50,16,8,84,50,103,21,111,22,165,19,18,15,30,1,10,41,3,3,42,41,98,33,1,9,104,133,123,0,0,0,0,1,0,112,37,157,0,1,550,.205,12,0,4,12,132,3,0,0,0,0,0,0,0,0,0,0,0,0,0,0,0,0,0,0,0,0,0,184,142,35,17,131,86,3,.9302,1,14,0,0,0,0,0,0,0,0,0,0,0,3,0,0,0,0,0,0,0,0,0,0,0,0,51,,,,,1,eol
666,0,0,-,,Nakamura,Fumiaki,,21,22,11,1918,98,Japan,78519,Tanushimaru,2,179,192,1,1,4,1066,1125,13,0,234,267,373,420,343,101,227,251,353,405,336,95,255,267,356,424,333,149,2,2,1,60,40,65,69,105,12,80,67,86,69,83,56,18,15,30,1,1,38,5,3,92,104,153,119,3,2,58,104,124,0,0,0,199,200,0,0,0,0,0,1,550,.139,7,0,12,54,150,2,0,0,0,0,0,0,0,0,0,0,0,0,0,0,0,0,0,0,0,0,0,85,121,22,54,34,42,1,.9302,1,3,0,0,0,0,0,0,0,0,0,0,0,3,0,0,0,0,0,0,0,0,0,0,0,0,51,,,,,3,eol
621,0,0,-,,Imada,Terumoto,,22,5,6,1918,98,Japan,30171,Hachioji,2,183,207,3,1,3,1220,1517,15,0,261,279,416,354,362,125,246,252,389,334,348,115,261,276,393,361,367,132,12,0,1,86,47,110,99,110,86,72,29,88,33,77,50,18,15,30,1,1,60,5,2,30,65,131,34,1,8,31,105,127,0,0,124,0,168,0,0,0,133,0,1,550,.154,8,0,14,31,141,12,0,0,0,0,0,0,0,0,0,0,0,0,0,0,0,0,0,0,0,0,0,62,111,132,111,138,122,4,1.0197,4,13,0,0,0,0,0,0,0,0,0,0,0,12,0,0,0,0,0,0,0,0,0,0,0,0,51,,,,,1,eol
863,0,0,-,,Higashi,Susumu,,19,22,12,1922,98,Japan,55876,Nogi,2,178,200,1,1,2,530,530,11,0,300,278,268,250,362,205,294,258,249,236,353,197,295,265,259,272,360,231,10,2,1,9,20,13,2,124,26,68,31,74,31,75,27,19,15,30,1,1,50,5,3,17,21,50,13,131,78,52,29,37,0,200,0,0,0,0,0,0,0,0,1,550,.172,10,0,7,14,139,10,0,0,0,0,0,0,0,0,0,0,0,0,0,0,0,0,0,0,0,0,0,81,117,73,160,85,102,1,.9302,1,1,0,0,0,0,0,0,0,0,0,0,0,3,0,0,0,0,0,0,0,0,0,0,0,0,46,,,,,122,eol
81,0,0,-,,Tanaka,Kenji,,34,4,12,1921,98,Japan,55703,Nishinomiya,2,180,194,2,2,12,195,540,11,3,227,161,107,76,262,209,235,170,130,88,275,217,234,179,135,195,268,207,1,0,2,1,2,5,1,132,1,251,345,248,341,253,345,8,5,3,19,175,43,11,3,11,18,93,6,1,3,22,40,45,200,0,0,0,0,0,0,0,0,0,1,550,.298,0,0,35,64,109,8,0,0,0,0,0,0,0,0,0,0,0,0,0,0,0,0,0,0,0,0,0,83,54,80,23,43,68,397,1.0003,405,395,0,0,238,370,0,0,0,0,0,0,0,398,0,0,240,401,0,0,0,0,0,0,0,0,85,,,,,1,eol
906,0,0,-,,Honma,Keisaburo,,4,9,11,1921,98,Japan,35966,Kobe,2,197,211,1,2,12,700,740,9,0,228,198,177,152,226,210,222,186,171,138,217,202,247,198,158,142,245,256,1,1,1,39,17,59,37,76,14,181,213,172,209,188,206,9,4,0,108,136,57,10,2,47,23,88,3,1,10,31,74,30,200,0,0,0,0,0,0,0,0,0,1,550,.308,0,0,31,89,95,9,0,0,0,0,0,0,0,0,0,0,0,0,0,0,0,0,0,0,0,0,0,48,100,3,92,87,89,342,.9991,339,262,0,0,309,288,66,0,0,0,0,0,0,265,0,0,304,270,65,0,0,0,0,0,0,0,71,,,,,1,eol
390,0,0,-,,Nakamura,Taisei,,8,2,4,1921,98,Japan,82753,Utsunomiya,2,183,200,3,1,12,329,349,10,1,226,118,128,234,270,188,239,152,152,280,293,198,252,157,153,266,298,192,1,2,0,16,2,4,26,28,1,286,254,308,266,304,267,11,2,1,13,39,47,10,3,49,8,101,2,1,11,4,31,25,200,0,0,0,0,0,0,0,0,0,1,550,.301,0,0,28,81,92,11,0,0,0,0,0,0,0,0,0,0,0,0,0,0,0,0,0,0,0,0,0,107,74,50,22,89,77,332,1.0028,332,252,286,0,0,249,2,0,0,0,0,0,0,251,290,0,0,249,21,0,0,0,0,0,0,0,81,,,,,1,eol
998,0,0,-,,Kudo,Den,,43,17,3,1925,98,Japan,31933,Himeji,2,187,197,1,1,4,43,57,8,0,233,216,306,377,192,232,230,208,297,365,189,229,283,223,311,370,327,239,5,0,0,81,63,107,73,77,57,88,13,90,13,89,17,19,15,30,1,1,48,4,4,74,75,70,85,1,8,108,108,102,0,0,0,97,0,115,167,143,182,0,1,550,.155,6,0,10,40,207,5,0,0,0,0,0,0,0,0,0,0,0,0,0,0,0,0,0,0,0,0,0,77,116,32,129,181,31,1,.9756,1,1,0,0,0,0,0,0,0,0,0,0,0,3,0,0,0,0,0,0,0,0,0,0,0,0,46,,,,,4,eol
857,0,0,-,,Morioka,Kesanori,,44,24,12,1924,98,Japan,73141,Shonan,2,184,201,1,1,12,201,214,8,0,277,194,164,170,299,285,277,192,164,168,299,285,295,208,162,195,295,307,1,1,2,3,15,6,1,88,1,230,318,251,330,260,326,12,4,2,36,39,51,8,3,14,28,47,25,2,1,5,33,3,200,0,0,0,0,0,0,0,0,0,1,550,.311,0,0,30,68,82,12,0,0,0,0,0,0,0,0,0,0,0,0,0,0,0,0,0,0,0,0,0,90,76,102,45,79,68,294,1.0002,300,240,258,0,210,0,194,0,0,0,0,0,0,253,261,0,228,0,200,0,0,0,0,0,0,0,78,,,,,2,eol
868,0,0,-,,Moriyama,Kazuhide,,12,4,7,1925,98,Japan,78305,Tamano,2,179,174,1,1,6,22,70,8,0,278,313,217,327,312,220,272,303,207,318,308,213,279,308,204,325,335,217,3,1,0,87,77,87,94,54,44,91,19,98,20,92,17,19,15,30,1,1,39,3,3,140,111,123,131,1,1,121,112,109,0,0,0,146,167,180,0,99,150,0,1,550,.161,12,1,5,26,169,3,0,0,0,0,0,0,0,0,0,0,0,0,0,0,0,0,0,0,0,0,0,93,189,27,23,102,70,1,.9302,1,1,0,0,0,0,0,0,0,0,0,0,0,3,0,0,0,0,0,0,0,0,0,0,0,0,45,,,,,1,eol
1015,0,0,-,,Sakuma,Ichiji,,5,2,12,1923,98,Japan,79153,Tendo,2,174,205,1,1,3,177,177,8,0,268,190,313,351,352,154,259,177,292,334,342,150,285,189,318,384,354,213,6,2,1,14,2,3,25,118,16,74,9,80,10,77,14,19,15,30,1,1,57,2,3,87,63,52,52,1,4,7,25,54,0,0,200,0,0,0,0,2,0,0,1,550,.162,4,0,10,31,145,6,0,0,0,0,0,0,0,0,0,0,0,0,0,0,0,0,0,0,0,0,0,114,171,27,98,13,156,1,.9302,1,6,0,0,0,0,0,0,0,0,0,0,0,3,0,0,0,0,0,0,0,0,0,0,0,0,49,,,,,1,eol
838,0,0,-,,Fujihara,Yukimasa,,10,8,1,1923,98,Japan,77661,Tokyo,2,182,194,2,1,2,33,35,8,0,243,217,332,315,353,114,255,236,356,333,365,122,275,260,356,336,377,153,4,2,2,24,48,38,4,94,59,67,7,84,9,77,16,19,15,30,1,1,45,3,2,23,35,103,18,113,132,41,80,103,0,200,0,0,0,0,0,0,0,0,1,550,.154,7,0,12,28,134,4,0,0,0,0,0,0,0,0,0,0,0,0,0,0,0,0,0,0,0,0,0,108,133,111,116,109,184,1,.8163,1,3,0,0,0,0,0,0,0,0,0,0,0,3,0,0,0,0,0,0,0,0,0,0,0,0,44,,,,,112,eol
823,0,0,-,,Ikeda,Junji,Shady Bill,34,14,5,1919,98,Japan,33722,Iruma,2,179,193,1,1,8,895,1161,14,0,316,307,120,292,429,188,310,288,120,275,420,183,316,289,116,353,421,205,4,1,2,174,150,192,200,106,11,67,29,83,32,77,29,18,15,30,1,1,47,4,2,92,61,32,63,2,7,146,90,92,0,0,0,0,0,0,0,200,85,0,1,550,.176,12,2,1,17,96,4,0,0,0,0,0,0,0,0,0,0,0,0,0,0,0,0,0,0,0,0,0,8,124,90,164,109,149,1,.8163,1,2,0,0,0,0,0,0,0,0,0,0,0,3,0,0,0,0,0,0,0,0,0,0,0,0,44,,,,,2,eol
1044,0,0,-,,Takada,Natsuo,,2,1,8,1922,98,Japan,53822,Nagasaki,2,181,194,1,1,4,620,1074,9,3,277,274,241,321,361,175,268,254,220,306,350,171,282,259,222,353,362,188,5,0,1,126,47,179,147,98,78,91,15,99,15,98,15,19,15,30,1,1,42,2,3,113,114,114,118,1,10,112,125,92,0,0,0,173,181,196,124,116,0,0,1,550,.163,9,1,6,23,140,5,0,0,0,0,0,0,0,0,0,0,0,0,0,0,0,0,0,0,0,0,0,99,75,18,122,57,99,1,.9302,1,1,0,0,0,0,0,0,0,0,0,0,0,3,0,0,0,0,0,0,0,0,0,0,0,0,44,,,,,1,eol
1319,0,0,-,,Hayashi,Yoshitomo,,13,16,6,1926,98,Japan,73628,Shiroishi,2,178,188,1,1,2,0,0,3,0,266,233,204,343,245,305,264,227,200,338,242,304,307,227,206,389,336,300,10,1,0,59,11,59,84,110,42,97,13,104,14,92,20,15,15,30,1,7,41,2,3,102,64,54,12,83,76,38,99,92,0,94,29,0,0,0,1,0,0,0,1,550,.170,8,0,4,31,192,10,0,0,0,0,0,0,0,0,0,0,0,0,0,0,0,0,0,0,0,0,0,46,114,42,20,35,71,2,.9302,1,11,0,0,0,0,0,0,0,0,0,0,0,3,0,0,0,0,0,0,0,0,0,0,0,0,44,,,,,80,eol
974,0,0,-,,Yoshikawa,Hiromu,,23,8,6,1922,98,Japan,38843,Kishiwada,2,183,201,1,2,9,646,1151,10,3,263,231,293,356,391,95,263,229,293,354,390,95,259,261,300,357,407,103,8,0,1,125,101,125,152,118,86,80,14,74,14,77,19,19,15,30,1,1,43,5,3,50,53,60,6,1,11,120,54,119,0,0,94,0,0,0,191,114,194,0,1,550,.143,6,0,9,36,116,8,0,0,0,0,0,0,0,0,0,0,0,0,0,0,0,0,0,0,0,0,0,118,56,48,73,108,87,2,1.0750,1,6,0,0,0,0,0,0,0,0,0,0,0,3,0,0,0,0,0,0,0,0,0,0,0,0,42,,,,,1,eol
1386,0,0,-,,Fernandez,Manny,,34,11,7,1929,210,Venezuela,69887,San Cristbal,5,185,174,1,1,12,0,0,5,0,221,213,167,55,168,261,221,213,167,55,168,261,337,217,185,66,344,350,3,0,2,10,2,12,15,51,1,197,87,197,91,298,149,7,5,3,104,36,52,7,4,40,53,72,17,1,6,59,35,47,200,0,0,0,0,0,0,0,0,0,1,550,.319,0,0,33,130,73,7,0,0,0,0,0,0,0,0,0,0,0,0,0,0,0,0,0,0,0,0,0,126,92,5,31,77,90,267,.9978,397,202,0,215,0,0,250,242,0,0,0,0,0,387,0,410,0,0,418,423,0,0,0,0,0,0,78,,,,,1,eol
999,0,0,-,,Miyamoto,Masami,,23,17,5,1922,98,Japan,88034,Yokohama,2,180,200,2,2,9,642,1018,11,3,212,324,377,332,354,32,225,356,410,361,372,36,237,350,404,402,371,73,2,0,0,117,90,154,113,111,39,72,26,66,25,77,18,19,15,30,1,1,50,4,3,1,4,47,1,1,4,97,115,117,0,0,0,0,0,0,170,71,198,0,1,550,.119,8,1,16,36,131,2,0,0,0,0,0,0,0,0,0,0,0,0,0,0,0,0,0,0,0,0,0,197,75,21,65,82,38,1,1.0750,1,1,0,0,0,0,0,0,0,0,0,0,0,3,0,0,0,0,0,0,0,0,0,0,0,0,46,,,,,1,eol
1389,0,0,-,,Whiskin,Brendan,,35,23,1,1930,12,Australia,2254,Adelaide,4,171,137,2,1,12,0,0,5,0,237,77,92,99,182,268,241,103,123,133,193,268,257,196,155,138,251,271,1,0,0,26,30,3,37,168,5,329,172,339,175,332,291,6,4,1,34,8,49,7,4,40,48,110,39,2,3,66,30,25,200,0,0,0,0,0,0,0,0,0,1,550,.313,0,0,23,96,58,6,0,0,0,0,0,0,0,0,0,0,0,0,0,0,0,0,0,0,0,0,0,98,97,92,182,111,149,222,.9969,348,122,221,197,0,0,0,0,0,0,0,0,0,265,393,377,0,0,0,0,0,0,0,0,0,0,84,,,,,2,eol
2374,0,0,-,,Andujar,Joel,,25,17,1,1927,124,Mexico,26568,Gustavo Daz Ordaz,5,181,187,2,1,12,0,0,0,0,189,177,158,231,214,138,204,187,172,267,246,150,275,184,176,285,343,201,2,0,2,6,1,2,12,154,11,400,277,442,292,445,313,5,5,1,44,117,51,3,2,33,37,91,40,6,2,117,54,7,200,0,0,0,0,0,0,0,0,0,1,550,.305,0,0,13,77,39,5,0,0,0,0,0,0,0,0,0,0,0,0,0,0,0,0,0,0,0,0,0,99,153,58,108,75,17,164,1.1391,176,0,199,0,0,185,0,0,0,0,0,0,0,0,226,0,0,211,0,0,0,0,0,0,0,0,95,,,,,4,eol
1245,0,0,-,,Kimura,Taneo,,4,23,7,1926,98,Japan,88227,Yamagata,2,183,188,1,1,7,0,0,5,0,285,369,175,195,256,284,283,363,172,191,253,283,365,383,176,363,443,295,4,0,2,167,149,167,176,102,37,98,20,105,21,98,16,15,15,30,1,1,41,2,3,88,54,44,65,1,10,141,77,101,0,0,0,0,0,0,173,180,152,0,1,550,.165,15,3,3,9,188,4,0,0,0,0,0,0,0,0,0,0,0,0,0,0,0,0,0,0,0,0,0,56,177,56,81,93,110,1,.9302,1,5,0,0,0,0,0,0,0,0,0,0,0,3,0,0,0,0,0,0,0,0,0,0,0,0,45,,,,,1,eol
1220,0,0,-,,Kimura,Makoto,,20,27,5,1923,98,Japan,66693,Ritto,2,179,200,1,1,2,0,0,5,0,193,198,217,370,246,131,187,183,204,351,238,123,216,198,213,423,279,142,7,0,0,2,4,2,1,98,14,83,37,96,38,83,45,15,15,30,1,1,45,4,3,6,53,31,25,146,58,5,68,25,0,200,0,0,0,0,0,103,0,0,1,550,.126,4,0,5,36,192,7,0,0,0,0,0,0,0,0,0,0,0,0,0,0,0,0,0,0,0,0,0,108,109,89,46,196,78,1,.9302,1,1,0,0,0,0,0,0,0,0,0,0,0,3,0,0,0,0,0,0,0,0,0,0,0,0,47,,,,,149,eol
872,0,0,-,,Ito,Aiichiro,,40,7,11,1923,98,Japan,24526,Furukawa,2,189,205,1,1,3,179,257,9,0,315,234,172,290,410,209,305,215,165,261,398,200,303,217,162,359,406,197,2,1,0,46,73,30,40,97,81,64,56,80,61,77,66,19,15,30,1,1,41,3,2,46,39,67,25,4,1,64,120,83,0,0,114,0,0,0,143,0,153,0,1,550,.178,8,0,2,16,108,2,0,0,0,0,0,0,0,0,0,0,0,0,0,0,0,0,0,0,0,0,0,36,104,41,190,89,103,1,.8163,1,3,0,0,0,0,0,0,0,0,0,0,0,3,0,0,0,0,0,0,0,0,0,0,0,0,49,,,,,4,eol
814,0,0,-,,Suyama,Teizo,,30,6,7,1928,98,Japan,88034,Yokohama,2,182,199,1,1,2,0,0,6,0,271,198,213,310,312,246,271,198,213,310,312,246,287,213,304,302,362,212,2,1,0,1,3,3,5,90,28,76,33,93,36,77,17,18,15,30,1,9,43,3,2,51,77,58,10,96,100,55,2,70,0,130,36,0,0,0,0,0,0,0,1,550,.169,6,0,5,23,167,2,0,0,0,0,0,0,0,0,0,0,0,0,0,0,0,0,0,0,0,0,0,101,88,6,131,114,122,1,.8163,1,3,0,0,0,0,0,0,0,0,0,0,0,3,0,0,0,0,0,0,0,0,0,0,0,0,42,,,,,102,eol
596,0,0,-,,Arai,Haruo,,24,24,7,1918,98,Japan,80390,Togitsu,2,179,195,1,1,4,1074,1074,14,0,293,231,116,336,406,135,287,223,116,328,401,128,301,237,116,358,410,172,4,0,0,10,31,12,2,95,56,79,47,85,48,77,54,18,15,30,1,1,56,3,3,86,125,80,132,1,1,81,96,52,0,0,0,200,37,136,0,0,0,0,1,550,.152,7,0,1,29,108,4,0,0,0,0,0,0,0,0,0,0,0,0,0,0,0,0,0,0,0,0,0,162,62,51,78,86,36,1,.9302,1,1,0,0,0,0,0,0,0,0,0,0,0,3,0,0,0,0,0,0,0,0,0,0,0,0,52,,,,,1,eol
1063,0,0,-,,Hosokawa,Tsugio (Jiro),,27,7,6,1925,98,Japan,49451,Meiwa,2,177,199,1,1,2,9,9,7,0,268,182,147,345,367,136,265,180,147,340,363,136,255,179,164,341,364,129,10,1,2,11,1,37,7,102,1,72,43,74,43,77,49,19,15,30,1,5,57,2,4,24,71,94,11,75,111,1,57,88,0,156,0,0,0,18,0,24,0,0,1,550,.147,4,0,1,32,133,10,0,0,0,0,0,0,0,0,0,0,0,0,0,0,0,0,0,0,0,0,0,83,143,53,91,116,119,1,.9756,1,1,0,0,0,0,0,0,0,0,0,0,0,3,0,0,0,0,0,0,0,0,0,0,0,0,51,,,,,67,eol
1043,0,0,-,,Kanno,Kazumi,,36,26,5,1922,98,Japan,73615,Shiraoka,2,183,199,1,1,8,584,1026,11,3,207,185,172,356,337,57,207,185,172,354,337,57,226,194,181,402,344,81,5,2,0,106,40,93,156,98,52,69,20,75,21,77,24,19,15,30,1,1,38,5,3,110,117,128,130,1,4,154,127,116,0,0,0,134,127,198,0,189,143,0,1,550,.105,3,0,3,36,150,5,0,0,0,0,0,0,0,0,0,0,0,0,0,0,0,0,0,0,0,0,0,87,87,23,28,96,100,1,.9302,1,1,0,0,0,0,0,0,0,0,0,0,0,3,0,0,0,0,0,0,0,0,0,0,0,0,46,,,,,1,eol
539,0,0,-,,Amano,Shigeru,,8,12,4,1920,98,Japan,28461,Gifu,2,176,198,1,1,2,615,1192,11,3,243,215,341,401,350,107,231,200,322,375,339,97,230,203,339,395,350,95,2,1,0,14,16,50,4,39,39,70,60,76,62,77,65,18,15,30,1,1,53,2,3,48,73,159,6,36,189,51,121,154,0,174,65,0,0,0,39,0,103,0,1,550,.138,5,0,11,44,147,2,0,0,0,0,0,0,0,0,0,0,0,0,0,0,0,0,0,0,0,0,0,132,130,11,3,7,67,1,.9302,1,3,0,0,0,0,0,0,0,0,0,0,0,3,0,0,0,0,0,0,0,0,0,0,0,0,52,,,,,36,eol
1597,0,0,-,,Enriquez,Humberto,,10,28,7,1929,124,Mexico,3566,Apodaca,5,191,182,2,2,11,0,0,3,0,240,100,111,98,120,342,277,141,148,143,142,370,318,170,139,116,312,350,2,2,2,9,21,1,6,178,11,229,133,217,122,348,145,9,6,2,84,170,55,5,3,34,20,132,6,7,4,28,34,25,200,0,0,0,0,0,0,0,0,0,1,550,.335,0,0,29,112,46,9,0,0,0,0,0,0,0,0,0,0,0,0,0,0,0,0,0,0,0,0,0,129,126,128,97,74,94,185,.9942,254,285,0,0,205,0,94,0,0,0,0,0,0,391,0,0,286,0,404,0,0,0,0,0,0,0,71,,,,,7,eol
1778,0,0,-,,Mathieu,Bob,,8,13,5,1931,36,Canada,28842,Goderich,4,196,192,1,1,13,0,0,3,0,113,57,144,28,138,75,108,48,126,23,132,75,255,174,167,100,245,276,2,1,0,23,8,5,41,63,18,151,109,154,116,325,254,7,3,1,42,133,46,8,3,39,44,133,18,9,8,84,12,103,200,0,0,0,0,0,0,0,0,0,1,550,.328,0,0,40,118,68,7,0,0,0,0,0,0,0,0,0,0,0,0,0,0,0,0,0,0,0,0,0,76,112,111,27,30,62,249,1.0001,375,156,0,0,177,0,0,179,0,0,0,0,0,335,0,0,403,0,0,372,0,0,0,0,0,0,86,,,,,9,eol
1120,0,0,-,,Nomura,Jolbert,,3,30,12,1920,98,Japan,77661,Tokyo,2,180,201,1,1,3,881,1072,11,0,249,221,230,384,367,90,242,213,217,368,358,87,242,215,220,370,362,100,1,2,2,25,59,27,11,113,63,80,61,86,63,80,43,19,15,30,1,1,39,3,3,79,82,73,72,1,11,68,139,46,0,0,123,162,84,0,0,0,0,0,1,550,.128,5,0,5,41,135,1,0,0,0,0,0,0,0,0,0,0,0,0,0,0,0,0,0,0,0,0,0,77,68,94,172,115,180,2,.9302,1,9,0,0,0,0,0,0,0,0,0,0,0,3,0,0,0,0,0,0,0,0,0,0,0,0,52,,,,,1,eol
1267,0,0,-,,Hada,Tomohisa,,22,24,6,1925,98,Japan,92888,Sanmu,2,183,204,1,1,4,0,0,5,0,268,174,135,203,283,276,262,168,135,193,275,267,342,176,130,400,397,284,3,2,0,110,64,115,142,100,46,80,21,93,22,92,23,15,15,30,1,1,53,3,3,118,108,134,123,1,9,70,97,130,0,0,0,200,119,126,0,0,0,0,1,550,.163,4,0,1,9,181,3,0,0,0,0,0,0,0,0,0,0,0,0,0,0,0,0,0,0,0,0,0,71,118,39,185,119,71,1,.9302,1,8,0,0,0,0,0,0,0,0,0,0,0,3,0,0,0,0,0,0,0,0,0,0,0,0,48,,,,,1,eol
1026,0,0,-,,Urata,Katsumasa,,50,27,9,1918,98,Japan,81965,Ube,2,180,200,3,1,7,1051,1051,13,0,214,145,362,355,348,51,205,132,343,336,338,46,211,180,342,397,337,70,2,0,0,28,2,4,52,102,34,76,37,82,38,77,37,19,15,30,1,1,59,4,3,39,34,117,21,1,3,84,95,139,0,0,149,0,0,0,200,16,163,0,1,550,.115,1,0,12,32,148,2,0,0,0,0,0,0,0,0,0,0,0,0,0,0,0,0,0,0,0,0,0,43,111,108,105,35,115,1,.9302,1,1,0,0,0,0,0,0,0,0,0,0,0,3,0,0,0,0,0,0,0,0,0,0,0,0,54,,,,,1,eol
928,0,0,-,,Miyazawa,Nozomu,,16,10,1,1923,98,Japan,24592,Fukuoka,2,186,202,1,1,4,393,422,9,0,244,215,117,336,365,75,243,215,117,334,363,75,252,213,130,370,377,102,4,0,0,110,68,120,130,102,97,77,9,83,10,77,23,19,15,30,1,1,54,5,3,94,130,82,114,1,9,59,119,50,0,0,0,200,54,102,0,0,0,0,1,550,.116,4,0,1,30,133,4,0,0,0,0,0,0,0,0,0,0,0,0,0,0,0,0,0,0,0,0,0,113,91,109,176,105,104,1,.9302,1,5,0,0,0,0,0,0,0,0,0,0,0,3,0,0,0,0,0,0,0,0,0,0,0,0,51,,,,,1,eol
1116,0,0,-,,Manabe,Takuya,,36,13,10,1926,98,Japan,54352,Natori,2,181,192,1,1,3,6,6,5,0,242,91,181,233,289,193,240,87,178,227,284,191,282,100,197,315,354,188,11,0,0,59,56,98,45,101,57,76,13,82,14,77,13,19,15,30,1,11,59,2,3,64,127,55,102,1,10,57,124,44,0,0,123,161,0,8,96,0,0,0,1,550,.149,1,0,3,12,179,11,0,0,0,0,0,0,0,0,0,0,0,0,0,0,0,0,0,0,0,0,0,49,153,56,196,129,74,1,.9302,1,3,0,0,0,0,0,0,0,0,0,0,0,3,0,0,0,0,0,0,0,0,0,0,0,0,53,,,,,1,eol
866,0,0,-,,Hashimoto,Tatsuo,,35,17,8,1917,98,Japan,88102,Yotsukaido,2,177,197,1,1,4,1408,1625,16,0,272,287,204,303,408,111,269,276,199,297,404,109,269,270,194,382,398,119,2,1,2,101,76,94,130,104,57,80,52,86,53,77,57,19,15,30,1,1,48,3,3,84,95,61,124,1,7,33,121,23,0,0,0,200,0,139,48,0,0,0,1,550,.146,9,1,4,19,106,2,0,0,0,0,0,0,0,0,0,0,0,0,0,0,0,0,0,0,0,0,0,150,172,84,100,165,125,1,.9302,1,3,0,0,0,0,0,0,0,0,0,0,0,3,0,0,0,0,0,0,0,0,0,0,0,0,47,,,,,1,eol
1624,0,0,-,,Silva,Pedro,,16,8,4,1931,56,Dominican Republic,55347,Neyba,1,195,188,2,2,12,0,0,4,0,29,65,153,25,42,70,31,84,166,34,49,70,220,256,249,74,245,192,1,1,2,1,4,2,1,140,25,237,40,237,38,360,25,7,4,1,50,173,60,7,4,25,19,55,6,2,7,36,50,17,200,0,0,0,0,0,0,0,0,0,1,550,.341,0,0,26,156,33,7,0,0,0,0,0,0,0,0,0,0,0,0,0,0,0,0,0,0,0,0,0,73,144,92,102,83,63,144,.9999,309,39,0,0,1,114,0,0,0,0,0,0,0,216,0,0,2,400,0,0,0,0,0,0,0,0,66,,,,,2,eol
1716,0,0,-,,Ishida,Iori,Riverboat,31,12,6,1929,98,Japan,77661,Tokyo,2,191,202,1,1,2,0,0,0,0,248,145,173,194,151,323,233,121,165,181,141,312,334,208,181,391,383,310,4,0,1,13,43,1,7,89,62,85,29,91,30,83,33,15,15,30,1,1,56,3,3,65,64,92,32,107,106,23,65,91,0,98,0,0,0,0,0,0,0,0,1,550,.156,2,0,2,8,225,4,0,0,0,0,0,0,0,0,0,0,0,0,0,0,0,0,0,0,0,0,0,147,95,30,111,92,119,1,.9302,1,3,0,0,0,0,0,0,0,0,0,0,0,3,0,0,0,0,0,0,0,0,0,0,0,0,51,,,,,113,eol
1697,0,0,-,,Kawashima,Kenichiro,,37,5,10,1931,98,Japan,805,Akita,2,183,170,1,1,13,0,0,1,0,211,77,130,45,149,252,208,73,130,43,145,251,312,260,167,89,387,251,1,1,0,4,15,1,2,108,16,118,92,121,95,272,129,8,5,1,89,100,46,5,3,26,52,61,21,8,7,67,11,45,200,0,0,0,0,0,0,0,0,0,1,550,.361,0,0,44,128,30,8,0,0,0,0,0,0,0,0,0,0,0,0,0,0,0,0,0,0,0,0,0,165,138,45,42,98,77,126,1.0000,334,116,0,0,1,92,0,80,0,0,0,0,0,396,0,0,337,299,0,420,0,0,0,0,0,0,75,,,,,8,eol
